,BATCH_ID,PRODUCT_ID,TAG_ID,TIMESTAMP,VALUE
0,ED1108,WFI+9mg/g NACL 1x0.70ml PFS DSF4 BD,2570/Ma_B.SLV.Counter.Counter0200,2024-06-13 18:45:00,0
1,ED1108,WFI+9mg/g NACL 1x0.70ml PFS DSF4 BD,2570/Ma_B.SLV.Counter.Counter0202,2024-06-13 18:45:00,0
2,ED1108,WFI+9mg/g NACL 1x0.70ml PFS DSF4 BD,2570/Ma_B.SLV.Counter.Counter0200,2024-06-13 18:46:00,0
3,ED1108,WFI+9mg/g NACL 1x0.70ml PFS DSF4 BD,2570/Ma_B.SLV.Counter.Counter0200,2024-06-13 18:47:00,0
4,ED1108,WFI+9mg/g NACL 1x0.70ml PFS DSF4 BD,2570/Ma_B.SLV.Counter.Counter0200,2024-06-13 18:48:00,0
5,ED1108,WFI+9mg/g NACL 1x0.70ml PFS DSF4 BD,2570/Ma_B.SLV.Counter.Counter0200,2024-06-13 18:49:00,0
6,ED1108,WFI+9mg/g NACL 1x0.70ml PFS DSF4 BD,2570/Ma_B.SLV.Counter.Counter0200,2024-06-13 18:50:00,0
7,ED1108,WFI+9mg/g NACL 1x0.70ml PFS DSF4 BD,2570/Ma_B.SLV.Counter.Counter0202,2024-06-13 18:50:00,0
8,ED1108,WFI+9mg/g NACL 1x0.70ml PFS DSF4 BD,2570/Ma_B.SLV.Counter.Counter0200,2024-06-13 18:51:00,0
9,ED1108,WFI+9mg/g NACL 1x0.70ml PFS DSF4 BD,2570/Ma_B.SLV.Counter.Counter0202,2024-06-13 18:51:00,0
10,ED1108,WFI+9mg/g NACL 1x0.70ml PFS DSF4 BD,2570/Ma_B.SLV.Counter.Counter0200,2024-06-13 18:52:00,0
11,ED1108,WFI+9mg/g NACL 1x0.70ml PFS DSF4 BD,2570/Ma_B.SLV.Counter.Counter0202,2024-06-13 18:52:00,0
12,ED1108,WFI+9mg/g NACL 1x0.70ml PFS DSF4 BD,2570/Ma_B.SLV.Counter.Counter0200,2024-06-13 18:53:00,0
13,ED1108,WFI+9mg/g NACL 1x0.70ml PFS DSF4 BD,2570/Ma_B.SLV.Counter.Counter0200,2024-06-13 18:54:00,0
14,ED1108,WFI+9mg/g NACL 1x0.70ml PFS DSF4 BD,2570/Ma_B.SLV.Counter.Counter0200,2024-06-13 18:55:00,0
15,ED1108,WFI+9mg/g NACL 1x0.70ml PFS DSF4 BD,2570/Ma_B.SLV.Counter.Counter0200,2024-06-13 18:56:00,0
16,ED1108,WFI+9mg/g NACL 1x0.70ml PFS DSF4 BD,2570/Ma_B.SLV.Counter.Counter0200,2024-06-13 18:57:00,0
17,ED1108,WFI+9mg/g NACL 1x0.70ml PFS DSF4 BD,2570/Ma_B.SLV.Counter.Counter0202,2024-06-13 18:57:00,0
18,ED1108,WFI+9mg/g NACL 1x0.70ml PFS DSF4 BD,2570/Ma_B.SLV.Counter.Counter0200,2024-06-13 18:58:00,0
19,ED1108,WFI+9mg/g NACL 1x0.70ml PFS DSF4 BD,2570/Ma_B.SLV.Counter.Counter0200,2024-06-13 18:59:00,0
20,ED1108,WFI+9mg/g NACL 1x0.70ml PFS DSF4 BD,2570/Ma_B.SLV.Counter.Counter0200,2024-06-13 19:00:00,0
21,ED1108,WFI+9mg/g NACL 1x0.70ml PFS DSF4 BD,2570/Ma_B.SLV.Counter.Counter0200,2024-06-13 18:45:00,91
22,ED1108,WFI+9mg/g NACL 1x0.70ml PFS DSF4 BD,2570/Ma_B.SLV.Counter.Counter0200,2024-06-13 18:47:00,114
23,ED1108,WFI+9mg/g NACL 1x0.70ml PFS DSF4 BD,2570/Ma_B.SLV.Counter.Counter0202,2024-06-13 19:10:00,488
24,ED1108,WFI+9mg/g NACL 1x0.70ml PFS DSF4 BD,2570/Ma_B.SLV.Counter.Counter0200,2024-06-13 19:11:00,2075
25,ED1108,WFI+9mg/g NACL 1x0.70ml PFS DSF4 BD,2570/Ma_B.SLV.Counter.Counter0200,2024-06-13 19:17:00,2532
26,ED1108,WFI+9mg/g NACL 1x0.70ml PFS DSF4 BD,2570/Ma_B.SLV.Counter.Counter0200,2024-06-13 19:19:00,2636
27,ED1108,WFI+9mg/g NACL 1x0.70ml PFS DSF4 BD,2570/Ma_B.SLV.Counter.Counter0202,2024-06-13 19:21:00,766
28,ED1108,WFI+9mg/g NACL 1x0.70ml PFS DSF4 BD,2570/Ma_B.SLV.Counter.Counter0200,2024-06-13 19:22:00,2798
29,ED1108,WFI+9mg/g NACL 1x0.70ml PFS DSF4 BD,2570/Ma_B.SLV.Counter.Counter0202,2024-06-13 19:24:00,891
30,ED1108,WFI+9mg/g NACL 1x0.70ml PFS DSF4 BD,2570/Ma_B.SLV.Counter.Counter0200,2024-06-13 19:25:00,2999
31,ED1108,WFI+9mg/g NACL 1x0.70ml PFS DSF4 BD,2570/Ma_B.SLV.Counter.Counter0202,2024-06-13 19:27:00,949
32,ED1108,WFI+9mg/g NACL 1x0.70ml PFS DSF4 BD,2570/Ma_B.SLV.Counter.Counter0200,2024-06-13 19:28:00,3252
33,ED1108,WFI+9mg/g NACL 1x0.70ml PFS DSF4 BD,2570/Ma_B.SLV.Counter.Counter0202,2024-06-13 19:31:00,1097
34,ED1108,WFI+9mg/g NACL 1x0.70ml PFS DSF4 BD,2570/Ma_B.SLV.Counter.Counter0200,2024-06-13 19:32:00,3588
35,ED1108,WFI+9mg/g NACL 1x0.70ml PFS DSF4 BD,2570/Ma_B.SLV.Counter.Counter0202,2024-06-13 19:43:00,1258
36,ED1108,WFI+9mg/g NACL 1x0.70ml PFS DSF4 BD,2570/Ma_B.SLV.Counter.Counter0200,2024-06-13 19:44:00,4261
37,ED1108,WFI+9mg/g NACL 1x0.70ml PFS DSF4 BD,2570/Ma_B.SLV.Counter.Counter0202,2024-06-13 19:51:00,1369
38,ED1108,WFI+9mg/g NACL 1x0.70ml PFS DSF4 BD,2570/Ma_B.SLV.Counter.Counter0200,2024-06-13 19:52:00,5117
39,ED1108,WFI+9mg/g NACL 1x0.70ml PFS DSF4 BD,2570/Ma_B.SLV.Counter.Counter0202,2024-06-13 19:58:00,1458
40,ED1108,WFI+9mg/g NACL 1x0.70ml PFS DSF4 BD,2570/Ma_B.SLV.Counter.Counter0200,2024-06-13 20:00:00,5894
41,ED1108,WFI+9mg/g NACL 1x0.70ml PFS DSF4 BD,2570/Ma_B.SLV.Counter.Counter0202,2024-06-13 20:02:00,1512
42,ED1108,WFI+9mg/g NACL 1x0.70ml PFS DSF4 BD,2570/Ma_B.SLV.Counter.Counter0200,2024-06-13 20:03:00,6302
43,ED1108,WFI+9mg/g NACL 1x0.70ml PFS DSF4 BD,2570/Ma_B.SLV.Counter.Counter0202,2024-06-13 20:04:00,1520
44,ED1108,WFI+9mg/g NACL 1x0.70ml PFS DSF4 BD,2570/Ma_B.SLV.Counter.Counter0200,2024-06-13 20:05:00,6365
45,ED1108,WFI+9mg/g NACL 1x0.70ml PFS DSF4 BD,2570/Ma_B.SLV.Counter.Counter0202,2024-06-13 20:08:00,1544
46,ED1108,WFI+9mg/g NACL 1x0.70ml PFS DSF4 BD,2570/Ma_B.SLV.Counter.Counter0200,2024-06-13 20:09:00,6757
47,ED1108,WFI+9mg/g NACL 1x0.70ml PFS DSF4 BD,2570/Ma_B.SLV.Counter.Counter0202,2024-06-13 20:10:00,1554
48,ED1108,WFI+9mg/g NACL 1x0.70ml PFS DSF4 BD,2570/Ma_B.SLV.Counter.Counter0200,2024-06-13 20:11:00,7068
49,ED1108,WFI+9mg/g NACL 1x0.70ml PFS DSF4 BD,2570/Ma_B.SLV.Counter.Counter0202,2024-06-13 20:16:00,1657
50,ED1108,WFI+9mg/g NACL 1x0.70ml PFS DSF4 BD,2570/Ma_B.SLV.Counter.Counter0200,2024-06-13 20:17:00,7829
51,ED1108,WFI+9mg/g NACL 1x0.70ml PFS DSF4 BD,2570/Ma_B.SLV.Counter.Counter0202,2024-06-13 20:20:00,1678
52,ED1108,WFI+9mg/g NACL 1x0.70ml PFS DSF4 BD,2570/Ma_B.SLV.Counter.Counter0200,2024-06-13 20:21:00,8145
53,ED1108,WFI+9mg/g NACL 1x0.70ml PFS DSF4 BD,2570/Ma_B.SLV.Counter.Counter0202,2024-06-13 20:26:00,1926
54,ED1108,WFI+9mg/g NACL 1x0.70ml PFS DSF4 BD,2570/Ma_B.SLV.Counter.Counter0200,2024-06-13 20:28:00,8673
55,ED1108,WFI+9mg/g NACL 1x0.70ml PFS DSF4 BD,2570/Ma_B.SLV.Counter.Counter0202,2024-06-13 20:35:00,2235
56,ED1108,WFI+9mg/g NACL 1x0.70ml PFS DSF4 BD,2570/Ma_B.SLV.Counter.Counter0200,2024-06-13 20:36:00,9093
57,ED1108,WFI+9mg/g NACL 1x0.70ml PFS DSF4 BD,2570/Ma_B.SLV.Counter.Counter0202,2024-06-13 20:38:00,2297
58,ED1108,WFI+9mg/g NACL 1x0.70ml PFS DSF4 BD,2570/Ma_B.SLV.Counter.Counter0200,2024-06-13 20:40:00,9308
59,ED1108,WFI+9mg/g NACL 1x0.70ml PFS DSF4 BD,2570/Ma_B.SLV.Counter.Counter0202,2024-06-13 20:43:00,2417
60,ED1108,WFI+9mg/g NACL 1x0.70ml PFS DSF4 BD,2570/Ma_B.SLV.Counter.Counter0200,2024-06-13 20:44:00,9669
61,ED1108,WFI+9mg/g NACL 1x0.70ml PFS DSF4 BD,2570/Ma_B.SLV.Counter.Counter0202,2024-06-13 20:49:00,2718
62,ED1108,WFI+9mg/g NACL 1x0.70ml PFS DSF4 BD,2570/Ma_B.SLV.Counter.Counter0200,2024-06-13 20:50:00,9912
63,ED1108,WFI+9mg/g NACL 1x0.70ml PFS DSF4 BD,2570/Ma_B.SLV.Counter.Counter0202,2024-06-13 20:50:00,2735
64,ED1108,WFI+9mg/g NACL 1x0.70ml PFS DSF4 BD,2570/Ma_B.SLV.Counter.Counter0200,2024-06-13 20:53:00,10176
65,ED1108,WFI+9mg/g NACL 1x0.70ml PFS DSF4 BD,2570/Ma_B.SLV.Counter.Counter0200,2024-06-13 20:54:00,10559
66,ED1108,WFI+9mg/g NACL 1x0.70ml PFS DSF4 BD,2570/Ma_B.SLV.Counter.Counter0200,2024-06-13 20:56:00,10731
67,ED1108,WFI+9mg/g NACL 1x0.70ml PFS DSF4 BD,2570/Ma_B.SLV.Counter.Counter0200,2024-06-13 20:56:00,10840
68,ED1108,WFI+9mg/g NACL 1x0.70ml PFS DSF4 BD,2570/Ma_B.SLV.Counter.Counter0200,2024-06-13 20:57:00,10887
69,ED1108,WFI+9mg/g NACL 1x0.70ml PFS DSF4 BD,2570/Ma_B.SLV.Counter.Counter0202,2024-06-13 21:19:00,3474
70,ED1108,WFI+9mg/g NACL 1x0.70ml PFS DSF4 BD,2570/Ma_B.SLV.Counter.Counter0200,2024-06-13 21:20:00,12573
71,ED1108,WFI+9mg/g NACL 1x0.70ml PFS DSF4 BD,2570/Ma_B.SLV.Counter.Counter0200,2024-06-13 21:27:00,12886
72,ED1108,WFI+9mg/g NACL 1x0.70ml PFS DSF4 BD,2570/Ma_B.SLV.Counter.Counter0200,2024-06-13 21:28:00,12934
73,ED1108,WFI+9mg/g NACL 1x0.70ml PFS DSF4 BD,2570/Ma_B.SLV.Counter.Counter0202,2024-06-13 21:34:00,3758
74,ED1108,WFI+9mg/g NACL 1x0.70ml PFS DSF4 BD,2570/Ma_B.SLV.Counter.Counter0200,2024-06-13 21:35:00,13021
75,ED1108,WFI+9mg/g NACL 1x0.70ml PFS DSF4 BD,2570/Ma_B.SLV.Counter.Counter0202,2024-06-13 21:35:00,3785
76,ED1108,WFI+9mg/g NACL 1x0.70ml PFS DSF4 BD,2570/Ma_B.SLV.Counter.Counter0200,2024-06-13 21:36:00,13310
77,ED1108,WFI+9mg/g NACL 1x0.70ml PFS DSF4 BD,2570/Ma_B.SLV.Counter.Counter0202,2024-06-13 21:36:00,3818
78,ED1108,WFI+9mg/g NACL 1x0.70ml PFS DSF4 BD,2570/Ma_B.SLV.Counter.Counter0200,2024-06-13 21:37:00,13446
79,ED1108,WFI+9mg/g NACL 1x0.70ml PFS DSF4 BD,2570/Ma_B.SLV.Counter.Counter0202,2024-06-13 21:37:00,3830
80,ED1108,WFI+9mg/g NACL 1x0.70ml PFS DSF4 BD,2570/Ma_B.SLV.Counter.Counter0200,2024-06-13 21:39:00,13638
81,ED1108,WFI+9mg/g NACL 1x0.70ml PFS DSF4 BD,2570/Ma_B.SLV.Counter.Counter0202,2024-06-13 21:43:00,4089
82,ED1108,WFI+9mg/g NACL 1x0.70ml PFS DSF4 BD,2570/Ma_B.SLV.Counter.Counter0200,2024-06-13 21:44:00,14137
83,ED1108,WFI+9mg/g NACL 1x0.70ml PFS DSF4 BD,2570/Ma_B.SLV.Counter.Counter0200,2024-06-13 21:46:00,14528
84,ED1108,WFI+9mg/g NACL 1x0.70ml PFS DSF4 BD,2570/Ma_B.SLV.Counter.Counter0200,2024-06-13 21:47:00,14664
85,ED1108,WFI+9mg/g NACL 1x0.70ml PFS DSF4 BD,2570/Ma_B.SLV.Counter.Counter0200,2024-06-13 21:57:00,14846
86,ED1108,WFI+9mg/g NACL 1x0.70ml PFS DSF4 BD,2570/Ma_B.SLV.Counter.Counter0200,2024-06-13 21:58:00,14895
87,ED1108,WFI+9mg/g NACL 1x0.70ml PFS DSF4 BD,2570/Ma_B.SLV.Counter.Counter0200,2024-06-13 22:01:00,15003
88,ED1108,WFI+9mg/g NACL 1x0.70ml PFS DSF4 BD,2570/Ma_B.SLV.Counter.Counter0200,2024-06-13 22:02:00,15159
89,ED1108,WFI+9mg/g NACL 1x0.70ml PFS DSF4 BD,2570/Ma_B.SLV.Counter.Counter0202,2024-06-13 22:08:00,4495
90,ED1108,WFI+9mg/g NACL 1x0.70ml PFS DSF4 BD,2570/Ma_B.SLV.Counter.Counter0200,2024-06-13 22:10:00,15763
91,ED1108,WFI+9mg/g NACL 1x0.70ml PFS DSF4 BD,2570/Ma_B.SLV.Counter.Counter0200,2024-06-13 22:17:00,16102
92,ED1108,WFI+9mg/g NACL 1x0.70ml PFS DSF4 BD,2570/Ma_B.SLV.Counter.Counter0200,2024-06-13 22:18:00,16141
93,ED1108,WFI+9mg/g NACL 1x0.70ml PFS DSF4 BD,2570/Ma_B.SLV.Counter.Counter0200,2024-06-13 22:18:00,16316
94,ED1108,WFI+9mg/g NACL 1x0.70ml PFS DSF4 BD,2570/Ma_B.SLV.Counter.Counter0200,2024-06-13 22:19:00,16468
95,ED1108,WFI+9mg/g NACL 1x0.70ml PFS DSF4 BD,2570/Ma_B.SLV.Counter.Counter0202,2024-06-13 22:21:00,4758
96,ED1108,WFI+9mg/g NACL 1x0.70ml PFS DSF4 BD,2570/Ma_B.SLV.Counter.Counter0200,2024-06-13 22:23:00,16885
97,ED1108,WFI+9mg/g NACL 1x0.70ml PFS DSF4 BD,2570/Ma_B.SLV.Counter.Counter0202,2024-06-13 22:27:00,4826
98,ED1108,WFI+9mg/g NACL 1x0.70ml PFS DSF4 BD,2570/Ma_B.SLV.Counter.Counter0200,2024-06-13 22:28:00,17164
99,ED1108,WFI+9mg/g NACL 1x0.70ml PFS DSF4 BD,2570/Ma_B.SLV.Counter.Counter0202,2024-06-13 22:36:00,5055
100,ED1108,WFI+9mg/g NACL 1x0.70ml PFS DSF4 BD,2570/Ma_B.SLV.Counter.Counter0200,2024-06-13 22:38:00,17663
101,ED1108,WFI+9mg/g NACL 1x0.70ml PFS DSF4 BD,2570/Ma_B.SLV.Counter.Counter0200,2024-06-13 23:06:00,19080
102,ED1108,WFI+9mg/g NACL 1x0.70ml PFS DSF4 BD,2570/Ma_B.SLV.Counter.Counter0200,2024-06-13 23:08:00,19242
103,ED1108,WFI+9mg/g NACL 1x0.70ml PFS DSF4 BD,2570/Ma_B.SLV.Counter.Counter0200,2024-06-13 23:16:00,19665
104,ED1108,WFI+9mg/g NACL 1x0.70ml PFS DSF4 BD,2570/Ma_B.SLV.Counter.Counter0200,2024-06-13 23:18:00,19752
105,ED1108,WFI+9mg/g NACL 1x0.70ml PFS DSF4 BD,2570/Ma_B.SLV.Counter.Counter0200,2024-06-13 23:19:00,19917
106,ED1108,WFI+9mg/g NACL 1x0.70ml PFS DSF4 BD,2570/Ma_B.SLV.Counter.Counter0200,2024-06-13 23:20:00,20082
107,ED1108,WFI+9mg/g NACL 1x0.70ml PFS DSF4 BD,2570/Ma_B.SLV.Counter.Counter0200,2024-06-13 23:20:00,20167
108,ED1108,WFI+9mg/g NACL 1x0.70ml PFS DSF4 BD,2570/Ma_B.SLV.Counter.Counter0200,2024-06-13 23:21:00,20332
109,ED1108,WFI+9mg/g NACL 1x0.70ml PFS DSF4 BD,2570/Ma_B.SLV.Counter.Counter0200,2024-06-13 23:22:00,20332
110,ED1108,WFI+9mg/g NACL 1x0.70ml PFS DSF4 BD,2570/Ma_B.SLV.Counter.Counter0200,2024-06-13 23:22:00,20442
111,ED1108,WFI+9mg/g NACL 1x0.70ml PFS DSF4 BD,2570/Ma_B.SLV.Counter.Counter0200,2024-06-13 23:24:00,20545
112,ED1108,WFI+9mg/g NACL 1x0.70ml PFS DSF4 BD,2570/Ma_B.SLV.Counter.Counter0200,2024-06-13 23:25:00,20693
113,ED1108,WFI+9mg/g NACL 1x0.70ml PFS DSF4 BD,2570/Ma_B.SLV.Counter.Counter0202,2024-06-13 23:26:00,5921
114,ED1108,WFI+9mg/g NACL 1x0.70ml PFS DSF4 BD,2570/Ma_B.SLV.Counter.Counter0200,2024-06-13 23:27:00,21134
115,ED1108,WFI+9mg/g NACL 1x0.70ml PFS DSF4 BD,2570/Ma_B.SLV.Counter.Counter0200,2024-06-13 23:27:00,21295
116,ED1108,WFI+9mg/g NACL 1x0.70ml PFS DSF4 BD,2570/Ma_B.SLV.Counter.Counter0200,2024-06-13 23:28:00,21335
117,ED1108,WFI+9mg/g NACL 1x0.70ml PFS DSF4 BD,2570/Ma_B.SLV.Counter.Counter0202,2024-06-13 23:30:00,6094
118,ED1108,WFI+9mg/g NACL 1x0.70ml PFS DSF4 BD,2570/Ma_B.SLV.Counter.Counter0200,2024-06-13 23:31:00,21672
119,ED1108,WFI+9mg/g NACL 1x0.70ml PFS DSF4 BD,2570/Ma_B.SLV.Counter.Counter0202,2024-06-13 23:33:00,6137
120,ED1108,WFI+9mg/g NACL 1x0.70ml PFS DSF4 BD,2570/Ma_B.SLV.Counter.Counter0200,2024-06-13 23:35:00,21794
121,ED1108,WFI+9mg/g NACL 1x0.70ml PFS DSF4 BD,2570/Ma_B.SLV.Counter.Counter0200,2024-06-13 23:37:00,22013
122,ED1108,WFI+9mg/g NACL 1x0.70ml PFS DSF4 BD,2570/Ma_B.SLV.Counter.Counter0200,2024-06-13 23:38:00,22141
123,ED1108,WFI+9mg/g NACL 1x0.70ml PFS DSF4 BD,2570/Ma_B.SLV.Counter.Counter0200,2024-06-13 23:41:00,22261
124,ED1108,WFI+9mg/g NACL 1x0.70ml PFS DSF4 BD,2570/Ma_B.SLV.Counter.Counter0200,2024-06-13 23:42:00,22356
125,ED1108,WFI+9mg/g NACL 1x0.70ml PFS DSF4 BD,2570/Ma_B.SLV.Counter.Counter0202,2024-06-13 23:42:00,6291
126,ED1108,WFI+9mg/g NACL 1x0.70ml PFS DSF4 BD,2570/Ma_B.SLV.Counter.Counter0200,2024-06-13 23:44:00,22555
127,ED1108,WFI+9mg/g NACL 1x0.70ml PFS DSF4 BD,2570/Ma_B.SLV.Counter.Counter0200,2024-06-13 23:47:00,23195
128,ED1108,WFI+9mg/g NACL 1x0.70ml PFS DSF4 BD,2570/Ma_B.SLV.Counter.Counter0200,2024-06-13 23:49:00,23302
129,ED1108,WFI+9mg/g NACL 1x0.70ml PFS DSF4 BD,2570/Ma_B.SLV.Counter.Counter0202,2024-06-14 00:06:00,6697
130,ED1108,WFI+9mg/g NACL 1x0.70ml PFS DSF4 BD,2570/Ma_B.SLV.Counter.Counter0200,2024-06-14 00:07:00,24432
131,ED1108,WFI+9mg/g NACL 1x0.70ml PFS DSF4 BD,2570/Ma_B.SLV.Counter.Counter0202,2024-06-14 00:07:00,6704
132,ED1108,WFI+9mg/g NACL 1x0.70ml PFS DSF4 BD,2570/Ma_B.SLV.Counter.Counter0200,2024-06-14 00:08:00,24598
133,ED1108,WFI+9mg/g NACL 1x0.70ml PFS DSF4 BD,2570/Ma_B.SLV.Counter.Counter0202,2024-06-14 00:25:00,7409
134,ED1108,WFI+9mg/g NACL 1x0.70ml PFS DSF4 BD,2570/Ma_B.SLV.Counter.Counter0200,2024-06-14 00:26:00,25792
135,ED1108,WFI+9mg/g NACL 1x0.70ml PFS DSF4 BD,2570/Ma_B.SLV.Counter.Counter0200,2024-06-14 00:26:00,25810
136,ED1108,WFI+9mg/g NACL 1x0.70ml PFS DSF4 BD,2570/Ma_B.SLV.Counter.Counter0200,2024-06-14 00:26:00,25922
137,ED1108,WFI+9mg/g NACL 1x0.70ml PFS DSF4 BD,2570/Ma_B.SLV.Counter.Counter0202,2024-06-14 00:43:00,7766
138,ED1108,WFI+9mg/g NACL 1x0.70ml PFS DSF4 BD,2570/Ma_B.SLV.Counter.Counter0200,2024-06-14 00:44:00,26630
139,ED1108,WFI+9mg/g NACL 1x0.70ml PFS DSF4 BD,2570/Ma_B.SLV.Counter.Counter0202,2024-06-14 00:54:00,8147
140,ED1108,WFI+9mg/g NACL 1x0.70ml PFS DSF4 BD,2570/Ma_B.SLV.Counter.Counter0200,2024-06-14 00:55:00,27241
141,ED1108,WFI+9mg/g NACL 1x0.70ml PFS DSF4 BD,2570/Ma_B.SLV.Counter.Counter0200,2024-06-14 00:55:00,27415
142,ED1108,WFI+9mg/g NACL 1x0.70ml PFS DSF4 BD,2570/Ma_B.SLV.Counter.Counter0200,2024-06-14 00:56:00,27516
143,ED1108,WFI+9mg/g NACL 1x0.70ml PFS DSF4 BD,2570/Ma_B.SLV.Counter.Counter0202,2024-06-14 01:07:00,8295
144,ED1108,WFI+9mg/g NACL 1x0.70ml PFS DSF4 BD,2570/Ma_B.SLV.Counter.Counter0200,2024-06-14 01:08:00,28462
145,ED1108,WFI+9mg/g NACL 1x0.70ml PFS DSF4 BD,2570/Ma_B.SLV.Counter.Counter0202,2024-06-14 01:14:00,8508
146,ED1108,WFI+9mg/g NACL 1x0.70ml PFS DSF4 BD,2570/Ma_B.SLV.Counter.Counter0200,2024-06-14 01:15:00,28836
147,ED1108,WFI+9mg/g NACL 1x0.70ml PFS DSF4 BD,2570/Ma_B.SLV.Counter.Counter0200,2024-06-14 01:16:00,29050
148,ED1108,WFI+9mg/g NACL 1x0.70ml PFS DSF4 BD,2570/Ma_B.SLV.Counter.Counter0200,2024-06-14 01:17:00,29222
149,ED1108,WFI+9mg/g NACL 1x0.70ml PFS DSF4 BD,2570/Ma_B.SLV.Counter.Counter0200,2024-06-14 01:18:00,29465
150,ED1108,WFI+9mg/g NACL 1x0.70ml PFS DSF4 BD,2570/Ma_B.SLV.Counter.Counter0200,2024-06-14 01:19:00,29567
151,ED1108,WFI+9mg/g NACL 1x0.70ml PFS DSF4 BD,2570/Ma_B.SLV.Counter.Counter0202,2024-06-14 01:23:00,8641
152,ED1108,WFI+9mg/g NACL 1x0.70ml PFS DSF4 BD,2570/Ma_B.SLV.Counter.Counter0200,2024-06-14 01:24:00,30019
153,ED1108,WFI+9mg/g NACL 1x0.70ml PFS DSF4 BD,2570/Ma_B.SLV.Counter.Counter0200,2024-06-14 01:24:00,30052
154,ED1108,WFI+9mg/g NACL 1x0.70ml PFS DSF4 BD,2570/Ma_B.SLV.Counter.Counter0200,2024-06-14 01:25:00,30167
155,ED1108,WFI+9mg/g NACL 1x0.70ml PFS DSF4 BD,2570/Ma_B.SLV.Counter.Counter0200,2024-06-14 01:25:00,30224
156,ED1108,WFI+9mg/g NACL 1x0.70ml PFS DSF4 BD,2570/Ma_B.SLV.Counter.Counter0200,2024-06-14 01:26:00,30344
157,ED1108,WFI+9mg/g NACL 1x0.70ml PFS DSF4 BD,2570/Ma_B.SLV.Counter.Counter0200,2024-06-14 01:36:00,31011
158,ED1108,WFI+9mg/g NACL 1x0.70ml PFS DSF4 BD,2570/Ma_B.SLV.Counter.Counter0200,2024-06-14 01:37:00,31086
159,ED1108,WFI+9mg/g NACL 1x0.70ml PFS DSF4 BD,2570/Ma_B.SLV.Counter.Counter0202,2024-06-14 01:37:00,8884
160,ED1108,WFI+9mg/g NACL 1x0.70ml PFS DSF4 BD,2570/Ma_B.SLV.Counter.Counter0200,2024-06-14 01:38:00,31446
161,ED1108,WFI+9mg/g NACL 1x0.70ml PFS DSF4 BD,2570/Ma_B.SLV.Counter.Counter0200,2024-06-14 01:43:00,31795
162,ED1108,WFI+9mg/g NACL 1x0.70ml PFS DSF4 BD,2570/Ma_B.SLV.Counter.Counter0200,2024-06-14 01:44:00,31918
163,ED1108,WFI+9mg/g NACL 1x0.70ml PFS DSF4 BD,2570/Ma_B.SLV.Counter.Counter0200,2024-06-14 01:44:00,32060
164,ED1108,WFI+9mg/g NACL 1x0.70ml PFS DSF4 BD,2570/Ma_B.SLV.Counter.Counter0200,2024-06-14 01:45:00,32073
165,ED1108,WFI+9mg/g NACL 1x0.70ml PFS DSF4 BD,2570/Ma_B.SLV.Counter.Counter0202,2024-06-14 01:54:00,9233
166,ED1108,WFI+9mg/g NACL 1x0.70ml PFS DSF4 BD,2570/Ma_B.SLV.Counter.Counter0200,2024-06-14 01:55:00,32715
167,ED1108,WFI+9mg/g NACL 1x0.70ml PFS DSF4 BD,2570/Ma_B.SLV.Counter.Counter0200,2024-06-14 01:56:00,32801
168,ED1108,WFI+9mg/g NACL 1x0.70ml PFS DSF4 BD,2570/Ma_B.SLV.Counter.Counter0200,2024-06-14 01:57:00,32931
169,ED1108,WFI+9mg/g NACL 1x0.70ml PFS DSF4 BD,2570/Ma_B.SLV.Counter.Counter0200,2024-06-14 02:06:00,33585
170,ED1108,WFI+9mg/g NACL 1x0.70ml PFS DSF4 BD,2570/Ma_B.SLV.Counter.Counter0200,2024-06-14 02:07:00,33689
171,ED1108,WFI+9mg/g NACL 1x0.70ml PFS DSF4 BD,2570/Ma_B.SLV.Counter.Counter0202,2024-06-14 02:20:00,9651
172,ED1108,WFI+9mg/g NACL 1x0.70ml PFS DSF4 BD,2570/Ma_B.SLV.Counter.Counter0200,2024-06-14 02:21:00,34501
173,ED1108,WFI+9mg/g NACL 1x0.70ml PFS DSF4 BD,2570/Ma_B.SLV.Counter.Counter0200,2024-06-14 02:21:00,34618
174,ED1108,WFI+9mg/g NACL 1x0.70ml PFS DSF4 BD,2570/Ma_B.SLV.Counter.Counter0200,2024-06-14 02:22:00,34657
175,ED1108,WFI+9mg/g NACL 1x0.70ml PFS DSF4 BD,2570/Ma_B.SLV.Counter.Counter0202,2024-06-14 02:25:00,9931
176,ED1108,WFI+9mg/g NACL 1x0.70ml PFS DSF4 BD,2570/Ma_B.SLV.Counter.Counter0200,2024-06-14 02:26:00,34878
177,ED1108,WFI+9mg/g NACL 1x0.70ml PFS DSF4 BD,2570/Ma_B.SLV.Counter.Counter0202,2024-06-14 02:30:00,10031
178,ED1108,WFI+9mg/g NACL 1x0.70ml PFS DSF4 BD,2570/Ma_B.SLV.Counter.Counter0200,2024-06-14 02:31:00,35200
179,ED1108,WFI+9mg/g NACL 1x0.70ml PFS DSF4 BD,2570/Ma_B.SLV.Counter.Counter0202,2024-06-14 02:33:00,10081
180,ED1108,WFI+9mg/g NACL 1x0.70ml PFS DSF4 BD,2570/Ma_B.SLV.Counter.Counter0200,2024-06-14 02:34:00,35356
181,ED1108,WFI+9mg/g NACL 1x0.70ml PFS DSF4 BD,2570/Ma_B.SLV.Counter.Counter0202,2024-06-14 02:35:00,10191
182,ED1108,WFI+9mg/g NACL 1x0.70ml PFS DSF4 BD,2570/Ma_B.SLV.Counter.Counter0200,2024-06-14 02:36:00,35630
183,ED1108,WFI+9mg/g NACL 1x0.70ml PFS DSF4 BD,2570/Ma_B.SLV.Counter.Counter0200,2024-06-14 02:36:00,35825
184,ED1108,WFI+9mg/g NACL 1x0.70ml PFS DSF4 BD,2570/Ma_B.SLV.Counter.Counter0200,2024-06-14 02:37:00,35979
185,ED1108,WFI+9mg/g NACL 1x0.70ml PFS DSF4 BD,2570/Ma_B.SLV.Counter.Counter0200,2024-06-14 02:39:00,36207
186,ED1108,WFI+9mg/g NACL 1x0.70ml PFS DSF4 BD,2570/Ma_B.SLV.Counter.Counter0200,2024-06-14 02:40:00,36338
187,ED1108,WFI+9mg/g NACL 1x0.70ml PFS DSF4 BD,2570/Ma_B.SLV.Counter.Counter0202,2024-06-14 02:42:00,10410
188,ED1108,WFI+9mg/g NACL 1x0.70ml PFS DSF4 BD,2570/Ma_B.SLV.Counter.Counter0200,2024-06-14 02:43:00,36531
189,ED1108,WFI+9mg/g NACL 1x0.70ml PFS DSF4 BD,2570/Ma_B.SLV.Counter.Counter0202,2024-06-14 02:43:00,10445
190,ED1108,WFI+9mg/g NACL 1x0.70ml PFS DSF4 BD,2570/Ma_B.SLV.Counter.Counter0200,2024-06-14 02:44:00,36707
191,ED1108,WFI+9mg/g NACL 1x0.70ml PFS DSF4 BD,2570/Ma_B.SLV.Counter.Counter0202,2024-06-14 02:53:00,10743
192,ED1108,WFI+9mg/g NACL 1x0.70ml PFS DSF4 BD,2570/Ma_B.SLV.Counter.Counter0200,2024-06-14 02:54:00,37686
193,ED1108,WFI+9mg/g NACL 1x0.70ml PFS DSF4 BD,2570/Ma_B.SLV.Counter.Counter0202,2024-06-14 02:55:00,10833
194,ED1108,WFI+9mg/g NACL 1x0.70ml PFS DSF4 BD,2570/Ma_B.SLV.Counter.Counter0200,2024-06-14 02:56:00,37870
195,ED1108,WFI+9mg/g NACL 1x0.70ml PFS DSF4 BD,2570/Ma_B.SLV.Counter.Counter0200,2024-06-14 02:58:00,38225
196,ED1108,WFI+9mg/g NACL 1x0.70ml PFS DSF4 BD,2570/Ma_B.SLV.Counter.Counter0200,2024-06-14 02:59:00,38345
197,ED1108,WFI+9mg/g NACL 1x0.70ml PFS DSF4 BD,2570/Ma_B.SLV.Counter.Counter0200,2024-06-14 03:05:00,38564
198,ED1108,WFI+9mg/g NACL 1x0.70ml PFS DSF4 BD,2570/Ma_B.SLV.Counter.Counter0200,2024-06-14 03:08:00,38693
199,ED1108,WFI+9mg/g NACL 1x0.70ml PFS DSF4 BD,2570/Ma_B.SLV.Counter.Counter0202,2024-06-14 03:08:00,10892
200,ED1108,WFI+9mg/g NACL 1x0.70ml PFS DSF4 BD,2570/Ma_B.SLV.Counter.Counter0200,2024-06-14 03:09:00,38767
201,ED1108,WFI+9mg/g NACL 1x0.70ml PFS DSF4 BD,2570/Ma_B.SLV.Counter.Counter0202,2024-06-14 03:17:00,11056
202,ED1108,WFI+9mg/g NACL 1x0.70ml PFS DSF4 BD,2570/Ma_B.SLV.Counter.Counter0200,2024-06-14 03:18:00,39166
203,ED1108,WFI+9mg/g NACL 1x0.70ml PFS DSF4 BD,2570/Ma_B.SLV.Counter.Counter0202,2024-06-14 03:22:00,11273
204,ED1108,WFI+9mg/g NACL 1x0.70ml PFS DSF4 BD,2570/Ma_B.SLV.Counter.Counter0200,2024-06-14 03:25:00,39492
205,ED1108,WFI+9mg/g NACL 1x0.70ml PFS DSF4 BD,2570/Ma_B.SLV.Counter.Counter0200,2024-06-14 03:33:00,40054
206,ED1108,WFI+9mg/g NACL 1x0.70ml PFS DSF4 BD,2570/Ma_B.SLV.Counter.Counter0200,2024-06-14 03:34:00,40129
207,ED1108,WFI+9mg/g NACL 1x0.70ml PFS DSF4 BD,2570/Ma_B.SLV.Counter.Counter0202,2024-06-14 03:38:00,11619
208,ED1108,WFI+9mg/g NACL 1x0.70ml PFS DSF4 BD,2570/Ma_B.SLV.Counter.Counter0200,2024-06-14 03:40:00,40855
209,ED1108,WFI+9mg/g NACL 1x0.70ml PFS DSF4 BD,2570/Ma_B.SLV.Counter.Counter0200,2024-06-14 03:40:00,40888
210,ED1108,WFI+9mg/g NACL 1x0.70ml PFS DSF4 BD,2570/Ma_B.SLV.Counter.Counter0200,2024-06-14 03:41:00,41049
211,ED1108,WFI+9mg/g NACL 1x0.70ml PFS DSF4 BD,2570/Ma_B.SLV.Counter.Counter0202,2024-06-14 03:45:00,11702
212,ED1108,WFI+9mg/g NACL 1x0.70ml PFS DSF4 BD,2570/Ma_B.SLV.Counter.Counter0200,2024-06-14 03:46:00,41401
213,ED1108,WFI+9mg/g NACL 1x0.70ml PFS DSF4 BD,2570/Ma_B.SLV.Counter.Counter0200,2024-06-14 03:55:00,41966
214,ED1108,WFI+9mg/g NACL 1x0.70ml PFS DSF4 BD,2570/Ma_B.SLV.Counter.Counter0200,2024-06-14 03:56:00,42109
215,ED1108,WFI+9mg/g NACL 1x0.70ml PFS DSF4 BD,2570/Ma_B.SLV.Counter.Counter0200,2024-06-14 03:56:00,42143
216,ED1108,WFI+9mg/g NACL 1x0.70ml PFS DSF4 BD,2570/Ma_B.SLV.Counter.Counter0200,2024-06-14 03:56:00,42164
217,ED1108,WFI+9mg/g NACL 1x0.70ml PFS DSF4 BD,2570/Ma_B.SLV.Counter.Counter0200,2024-06-14 04:04:00,42336
218,ED1108,WFI+9mg/g NACL 1x0.70ml PFS DSF4 BD,2570/Ma_B.SLV.Counter.Counter0200,2024-06-14 04:05:00,42520
219,ED1108,WFI+9mg/g NACL 1x0.70ml PFS DSF4 BD,2570/Ma_B.SLV.Counter.Counter0200,2024-06-14 04:05:00,42691
220,ED1108,WFI+9mg/g NACL 1x0.70ml PFS DSF4 BD,2570/Ma_B.SLV.Counter.Counter0200,2024-06-14 04:06:00,42866
221,ED1108,WFI+9mg/g NACL 1x0.70ml PFS DSF4 BD,2570/Ma_B.SLV.Counter.Counter0200,2024-06-14 04:07:00,43080
222,ED1108,WFI+9mg/g NACL 1x0.70ml PFS DSF4 BD,2570/Ma_B.SLV.Counter.Counter0200,2024-06-14 04:08:00,43151
223,ED1108,WFI+9mg/g NACL 1x0.70ml PFS DSF4 BD,2570/Ma_B.SLV.Counter.Counter0200,2024-06-14 04:13:00,43565
224,ED1108,WFI+9mg/g NACL 1x0.70ml PFS DSF4 BD,2570/Ma_B.SLV.Counter.Counter0200,2024-06-14 04:14:00,43650
225,ED1108,WFI+9mg/g NACL 1x0.70ml PFS DSF4 BD,2570/Ma_B.SLV.Counter.Counter0202,2024-06-14 04:17:00,12112
226,ED1108,WFI+9mg/g NACL 1x0.70ml PFS DSF4 BD,2570/Ma_B.SLV.Counter.Counter0200,2024-06-14 04:18:00,44240
227,ED1108,WFI+9mg/g NACL 1x0.70ml PFS DSF4 BD,2570/Ma_B.SLV.Counter.Counter0200,2024-06-14 04:24:00,44763
228,ED1108,WFI+9mg/g NACL 1x0.70ml PFS DSF4 BD,2570/Ma_B.SLV.Counter.Counter0200,2024-06-14 04:25:00,44947
229,ED1108,WFI+9mg/g NACL 1x0.70ml PFS DSF4 BD,2570/Ma_B.SLV.Counter.Counter0202,2024-06-14 04:29:00,12479
230,ED1108,WFI+9mg/g NACL 1x0.70ml PFS DSF4 BD,2570/Ma_B.SLV.Counter.Counter0200,2024-06-14 04:30:00,45322
231,ED1108,WFI+9mg/g NACL 1x0.70ml PFS DSF4 BD,2570/Ma_B.SLV.Counter.Counter0200,2024-06-14 04:30:00,45339
232,ED1108,WFI+9mg/g NACL 1x0.70ml PFS DSF4 BD,2570/Ma_B.SLV.Counter.Counter0200,2024-06-14 04:31:00,45425
233,ED1108,WFI+9mg/g NACL 1x0.70ml PFS DSF4 BD,2570/Ma_B.SLV.Counter.Counter0200,2024-06-14 04:33:00,45685
234,ED1108,WFI+9mg/g NACL 1x0.70ml PFS DSF4 BD,2570/Ma_B.SLV.Counter.Counter0200,2024-06-14 04:34:00,45794
235,ED1108,WFI+9mg/g NACL 1x0.70ml PFS DSF4 BD,2570/Ma_B.SLV.Counter.Counter0202,2024-06-14 04:35:00,12527
236,ED1108,WFI+9mg/g NACL 1x0.70ml PFS DSF4 BD,2570/Ma_B.SLV.Counter.Counter0200,2024-06-14 04:36:00,45905
237,ED1108,WFI+9mg/g NACL 1x0.70ml PFS DSF4 BD,2570/Ma_B.SLV.Counter.Counter0202,2024-06-14 04:37:00,12632
238,ED1108,WFI+9mg/g NACL 1x0.70ml PFS DSF4 BD,2570/Ma_B.SLV.Counter.Counter0200,2024-06-14 04:39:00,46150
239,ED1108,WFI+9mg/g NACL 1x0.70ml PFS DSF4 BD,2570/Ma_B.SLV.Counter.Counter0202,2024-06-14 04:40:00,12736
240,ED1108,WFI+9mg/g NACL 1x0.70ml PFS DSF4 BD,2570/Ma_B.SLV.Counter.Counter0200,2024-06-14 04:41:00,46457
241,ED1108,WFI+9mg/g NACL 1x0.70ml PFS DSF4 BD,2570/Ma_B.SLV.Counter.Counter0200,2024-06-14 04:49:00,47035
242,ED1108,WFI+9mg/g NACL 1x0.70ml PFS DSF4 BD,2570/Ma_B.SLV.Counter.Counter0200,2024-06-14 04:50:00,47123
243,ED1108,WFI+9mg/g NACL 1x0.70ml PFS DSF4 BD,2570/Ma_B.SLV.Counter.Counter0202,2024-06-14 05:06:00,13608
244,ED1108,WFI+9mg/g NACL 1x0.70ml PFS DSF4 BD,2570/Ma_B.SLV.Counter.Counter0200,2024-06-14 05:08:00,48194
245,ED1108,WFI+9mg/g NACL 1x0.70ml PFS DSF4 BD,2570/Ma_B.SLV.Counter.Counter0200,2024-06-14 05:19:00,48877
246,ED1108,WFI+9mg/g NACL 1x0.70ml PFS DSF4 BD,2570/Ma_B.SLV.Counter.Counter0200,2024-06-14 05:21:00,48887
247,ED1108,WFI+9mg/g NACL 1x0.70ml PFS DSF4 BD,2570/Ma_B.SLV.Counter.Counter0200,2024-06-14 05:21:00,48898
248,ED1108,WFI+9mg/g NACL 1x0.70ml PFS DSF4 BD,2570/Ma_B.SLV.Counter.Counter0200,2024-06-14 05:25:00,48996
249,ED1108,WFI+9mg/g NACL 1x0.70ml PFS DSF4 BD,2570/Ma_B.SLV.Counter.Counter0200,2024-06-14 05:40:00,50178
250,ED1108,WFI+9mg/g NACL 1x0.70ml PFS DSF4 BD,2570/Ma_B.SLV.Counter.Counter0200,2024-06-14 05:41:00,50295
251,ED1108,WFI+9mg/g NACL 1x0.70ml PFS DSF4 BD,2570/Ma_B.SLV.Counter.Counter0202,2024-06-14 05:42:00,14161
252,ED1108,WFI+9mg/g NACL 1x0.70ml PFS DSF4 BD,2570/Ma_B.SLV.Counter.Counter0200,2024-06-14 05:43:00,50400
253,ED1108,WFI+9mg/g NACL 1x0.70ml PFS DSF4 BD,2570/Ma_B.SLV.Counter.Counter0200,2024-06-14 05:48:00,50727
254,ED1108,WFI+9mg/g NACL 1x0.70ml PFS DSF4 BD,2570/Ma_B.SLV.Counter.Counter0200,2024-06-14 05:49:00,50781
255,ED1108,WFI+9mg/g NACL 1x0.70ml PFS DSF4 BD,2570/Ma_B.SLV.Counter.Counter0202,2024-06-14 05:54:00,14473
256,ED1108,WFI+9mg/g NACL 1x0.70ml PFS DSF4 BD,2570/Ma_B.SLV.Counter.Counter0200,2024-06-14 05:55:00,51088
257,ED1108,WFI+9mg/g NACL 1x0.70ml PFS DSF4 BD,2570/Ma_B.SLV.Counter.Counter0200,2024-06-14 05:57:00,51154
258,ED1108,WFI+9mg/g NACL 1x0.70ml PFS DSF4 BD,2570/Ma_B.SLV.Counter.Counter0200,2024-06-14 06:00:00,51206
259,ED1108,WFI+9mg/g NACL 1x0.70ml PFS DSF4 BD,2570/Ma_B.SLV.Counter.Counter0202,2024-06-14 06:18:00,14951
260,ED1108,WFI+9mg/g NACL 1x0.70ml PFS DSF4 BD,2570/Ma_B.SLV.Counter.Counter0200,2024-06-14 06:21:00,51998
261,ED1108,WFI+9mg/g NACL 1x0.70ml PFS DSF4 BD,2570/Ma_B.SLV.Counter.Counter0200,2024-06-14 06:21:00,52076
262,ED1108,WFI+9mg/g NACL 1x0.70ml PFS DSF4 BD,2570/Ma_B.SLV.Counter.Counter0200,2024-06-14 06:22:00,52181
263,ED1108,WFI+9mg/g NACL 1x0.70ml PFS DSF4 BD,2570/Ma_B.SLV.Counter.Counter0202,2024-06-14 06:22:00,14975
264,ED1108,WFI+9mg/g NACL 1x0.70ml PFS DSF4 BD,2570/Ma_B.SLV.Counter.Counter0200,2024-06-14 06:23:00,52489
265,ED1108,WFI+9mg/g NACL 1x0.70ml PFS DSF4 BD,2570/Ma_B.SLV.Counter.Counter0202,2024-06-14 06:33:00,15162
266,ED1108,WFI+9mg/g NACL 1x0.70ml PFS DSF4 BD,2570/Ma_B.SLV.Counter.Counter0200,2024-06-14 06:34:00,53287
267,ED1108,WFI+9mg/g NACL 1x0.70ml PFS DSF4 BD,2570/Ma_B.SLV.Counter.Counter0202,2024-06-14 06:36:00,15286
268,ED1108,WFI+9mg/g NACL 1x0.70ml PFS DSF4 BD,2570/Ma_B.SLV.Counter.Counter0200,2024-06-14 06:37:00,53553
269,ED1108,WFI+9mg/g NACL 1x0.70ml PFS DSF4 BD,2570/Ma_B.SLV.Counter.Counter0202,2024-06-14 06:44:00,15537
270,ED1108,WFI+9mg/g NACL 1x0.70ml PFS DSF4 BD,2570/Ma_B.SLV.Counter.Counter0200,2024-06-14 06:45:00,53976
271,ED1108,WFI+9mg/g NACL 1x0.70ml PFS DSF4 BD,2570/Ma_B.SLV.Counter.Counter0200,2024-06-14 07:00:00,54659
272,ED1108,WFI+9mg/g NACL 1x0.70ml PFS DSF4 BD,2570/Ma_B.SLV.Counter.Counter0200,2024-06-14 07:01:00,54670
273,ED1108,WFI+9mg/g NACL 1x0.70ml PFS DSF4 BD,2570/Ma_B.SLV.Counter.Counter0202,2024-06-14 07:23:00,16556
274,ED1108,WFI+9mg/g NACL 1x0.70ml PFS DSF4 BD,2570/Ma_B.SLV.Counter.Counter0200,2024-06-14 07:25:00,56402
275,ED1108,WFI+9mg/g NACL 1x0.70ml PFS DSF4 BD,2570/Ma_B.SLV.Counter.Counter0202,2024-06-14 07:34:00,16733
276,ED1108,WFI+9mg/g NACL 1x0.70ml PFS DSF4 BD,2570/Ma_B.SLV.Counter.Counter0200,2024-06-14 07:36:00,56905
277,ED1108,WFI+9mg/g NACL 1x0.70ml PFS DSF4 BD,2570/Ma_B.SLV.Counter.Counter0202,2024-06-14 07:45:00,16927
278,ED1108,WFI+9mg/g NACL 1x0.70ml PFS DSF4 BD,2570/Ma_B.SLV.Counter.Counter0200,2024-06-14 07:47:00,57570
279,ED1108,WFI+9mg/g NACL 1x0.70ml PFS DSF4 BD,2570/Ma_B.SLV.Counter.Counter0200,2024-06-14 07:48:00,57885
280,ED1108,WFI+9mg/g NACL 1x0.70ml PFS DSF4 BD,2570/Ma_B.SLV.Counter.Counter0200,2024-06-14 07:49:00,58010
281,ED1108,WFI+9mg/g NACL 1x0.70ml PFS DSF4 BD,2570/Ma_B.SLV.Counter.Counter0202,2024-06-14 07:54:00,16975
282,ED1108,WFI+9mg/g NACL 1x0.70ml PFS DSF4 BD,2570/Ma_B.SLV.Counter.Counter0200,2024-06-14 07:55:00,58717
283,ED1108,WFI+9mg/g NACL 1x0.70ml PFS DSF4 BD,2570/Ma_B.SLV.Counter.Counter0202,2024-06-14 07:59:00,17267
284,ED1108,WFI+9mg/g NACL 1x0.70ml PFS DSF4 BD,2570/Ma_B.SLV.Counter.Counter0200,2024-06-14 08:00:00,59133
285,ED1108,WFI+9mg/g NACL 1x0.70ml PFS DSF4 BD,2570/Ma_B.SLV.Counter.Counter0200,2024-06-14 08:02:00,59411
286,ED1108,WFI+9mg/g NACL 1x0.70ml PFS DSF4 BD,2570/Ma_B.SLV.Counter.Counter0200,2024-06-14 08:03:00,59574
287,ED1108,WFI+9mg/g NACL 1x0.70ml PFS DSF4 BD,2570/Ma_B.SLV.Counter.Counter0200,2024-06-14 08:17:00,60336
288,ED1108,WFI+9mg/g NACL 1x0.70ml PFS DSF4 BD,2570/Ma_B.SLV.Counter.Counter0200,2024-06-14 08:18:00,60495
289,ED1108,WFI+9mg/g NACL 1x0.70ml PFS DSF4 BD,2570/Ma_B.SLV.Counter.Counter0202,2024-06-14 08:23:00,17888
290,ED1108,WFI+9mg/g NACL 1x0.70ml PFS DSF4 BD,2570/Ma_B.SLV.Counter.Counter0200,2024-06-14 08:24:00,60952
291,ED1108,WFI+9mg/g NACL 1x0.70ml PFS DSF4 BD,2570/Ma_B.SLV.Counter.Counter0202,2024-06-14 08:25:00,17942
292,ED1108,WFI+9mg/g NACL 1x0.70ml PFS DSF4 BD,2570/Ma_B.SLV.Counter.Counter0200,2024-06-14 08:26:00,61144
293,ED1108,WFI+9mg/g NACL 1x0.70ml PFS DSF4 BD,2570/Ma_B.SLV.Counter.Counter0202,2024-06-14 08:29:00,18000
294,ED1108,WFI+9mg/g NACL 1x0.70ml PFS DSF4 BD,2570/Ma_B.SLV.Counter.Counter0200,2024-06-14 08:30:00,61647
295,ED1108,WFI+9mg/g NACL 1x0.70ml PFS DSF4 BD,2570/Ma_B.SLV.Counter.Counter0200,2024-06-14 08:38:00,62398
296,ED1108,WFI+9mg/g NACL 1x0.70ml PFS DSF4 BD,2570/Ma_B.SLV.Counter.Counter0200,2024-06-14 08:40:00,62539
297,ED1108,WFI+9mg/g NACL 1x0.70ml PFS DSF4 BD,2570/Ma_B.SLV.Counter.Counter0200,2024-06-14 08:47:00,63274
298,ED1108,WFI+9mg/g NACL 1x0.70ml PFS DSF4 BD,2570/Ma_B.SLV.Counter.Counter0200,2024-06-14 08:48:00,63298
299,ED1108,WFI+9mg/g NACL 1x0.70ml PFS DSF4 BD,2570/Ma_B.SLV.Counter.Counter0202,2024-06-14 08:51:00,18653
300,ED1108,WFI+9mg/g NACL 1x0.70ml PFS DSF4 BD,2570/Ma_B.SLV.Counter.Counter0200,2024-06-14 08:52:00,63504
301,ED1108,WFI+9mg/g NACL 1x0.70ml PFS DSF4 BD,2570/Ma_B.SLV.Counter.Counter0200,2024-06-14 08:54:00,63745
302,ED1108,WFI+9mg/g NACL 1x0.70ml PFS DSF4 BD,2570/Ma_B.SLV.Counter.Counter0200,2024-06-14 08:55:00,63905
303,ED1108,WFI+9mg/g NACL 1x0.70ml PFS DSF4 BD,2570/Ma_B.SLV.Counter.Counter0202,2024-06-14 08:56:00,18717
304,ED1108,WFI+9mg/g NACL 1x0.70ml PFS DSF4 BD,2570/Ma_B.SLV.Counter.Counter0200,2024-06-14 08:58:00,64078
305,ED1108,WFI+9mg/g NACL 1x0.70ml PFS DSF4 BD,2570/Ma_B.SLV.Counter.Counter0200,2024-06-14 08:58:00,64241
306,ED1108,WFI+9mg/g NACL 1x0.70ml PFS DSF4 BD,2570/Ma_B.SLV.Counter.Counter0200,2024-06-14 08:58:00,64265
307,ED1108,WFI+9mg/g NACL 1x0.70ml PFS DSF4 BD,2570/Ma_B.SLV.Counter.Counter0200,2024-06-14 08:58:00,64340
308,ED1108,WFI+9mg/g NACL 1x0.70ml PFS DSF4 BD,2570/Ma_B.SLV.Counter.Counter0200,2024-06-14 08:59:00,64458
309,ED1108,WFI+9mg/g NACL 1x0.70ml PFS DSF4 BD,2570/Ma_B.SLV.Counter.Counter0200,2024-06-14 09:02:00,64925
310,ED1108,WFI+9mg/g NACL 1x0.70ml PFS DSF4 BD,2570/Ma_B.SLV.Counter.Counter0200,2024-06-14 09:03:00,64970
311,ED1108,WFI+9mg/g NACL 1x0.70ml PFS DSF4 BD,2570/Ma_B.SLV.Counter.Counter0200,2024-06-14 09:08:00,65375
312,ED1108,WFI+9mg/g NACL 1x0.70ml PFS DSF4 BD,2570/Ma_B.SLV.Counter.Counter0200,2024-06-14 09:09:00,65434
313,ED1108,WFI+9mg/g NACL 1x0.70ml PFS DSF4 BD,2570/Ma_B.SLV.Counter.Counter0202,2024-06-14 09:09:00,19125
314,ED1108,WFI+9mg/g NACL 1x0.70ml PFS DSF4 BD,2570/Ma_B.SLV.Counter.Counter0200,2024-06-14 09:10:00,65586
315,ED1108,WFI+9mg/g NACL 1x0.70ml PFS DSF4 BD,2570/Ma_B.SLV.Counter.Counter0200,2024-06-14 09:10:00,65705
316,ED1108,WFI+9mg/g NACL 1x0.70ml PFS DSF4 BD,2570/Ma_B.SLV.Counter.Counter0200,2024-06-14 09:11:00,65745
317,ED1108,WFI+9mg/g NACL 1x0.70ml PFS DSF4 BD,2570/Ma_B.SLV.Counter.Counter0200,2024-06-14 09:11:00,65853
318,ED1108,WFI+9mg/g NACL 1x0.70ml PFS DSF4 BD,2570/Ma_B.SLV.Counter.Counter0200,2024-06-14 09:13:00,65989
319,ED1108,WFI+9mg/g NACL 1x0.70ml PFS DSF4 BD,2570/Ma_B.SLV.Counter.Counter0200,2024-06-14 09:16:00,66268
320,ED1108,WFI+9mg/g NACL 1x0.70ml PFS DSF4 BD,2570/Ma_B.SLV.Counter.Counter0200,2024-06-14 09:18:00,66378
321,ED1108,WFI+9mg/g NACL 1x0.70ml PFS DSF4 BD,2570/Ma_B.SLV.Counter.Counter0200,2024-06-14 09:18:00,66280
322,ED1108,WFI+9mg/g NACL 1x0.70ml PFS DSF4 BD,2570/Ma_B.SLV.Counter.Counter0200,2024-06-14 09:18:00,66414
323,ED1108,WFI+9mg/g NACL 1x0.70ml PFS DSF4 BD,2570/Ma_B.SLV.Counter.Counter0202,2024-06-14 09:20:00,19268
324,ED1108,WFI+9mg/g NACL 1x0.70ml PFS DSF4 BD,2570/Ma_B.SLV.Counter.Counter0200,2024-06-14 09:21:00,66719
325,ED1108,WFI+9mg/g NACL 1x0.70ml PFS DSF4 BD,2570/Ma_B.SLV.Counter.Counter0202,2024-06-14 09:24:00,19450
326,ED1108,WFI+9mg/g NACL 1x0.70ml PFS DSF4 BD,2570/Ma_B.SLV.Counter.Counter0200,2024-06-14 09:25:00,67045
327,ED1108,WFI+9mg/g NACL 1x0.70ml PFS DSF4 BD,2570/Ma_B.SLV.Counter.Counter0202,2024-06-14 09:34:00,19913
328,ED1108,WFI+9mg/g NACL 1x0.70ml PFS DSF4 BD,2570/Ma_B.SLV.Counter.Counter0200,2024-06-14 09:35:00,67856
329,ED1108,WFI+9mg/g NACL 1x0.70ml PFS DSF4 BD,2570/Ma_B.SLV.Counter.Counter0202,2024-06-14 09:35:00,19930
330,ED1108,WFI+9mg/g NACL 1x0.70ml PFS DSF4 BD,2570/Ma_B.SLV.Counter.Counter0200,2024-06-14 09:36:00,68059
331,ED1108,WFI+9mg/g NACL 1x0.70ml PFS DSF4 BD,2570/Ma_B.SLV.Counter.Counter0200,2024-06-14 09:38:00,68472
332,ED1108,WFI+9mg/g NACL 1x0.70ml PFS DSF4 BD,2570/Ma_B.SLV.Counter.Counter0200,2024-06-14 09:39:00,68627
333,ED1108,WFI+9mg/g NACL 1x0.70ml PFS DSF4 BD,2570/Ma_B.SLV.Counter.Counter0202,2024-06-14 10:02:00,20492
334,ED1108,WFI+9mg/g NACL 1x0.70ml PFS DSF4 BD,2570/Ma_B.SLV.Counter.Counter0200,2024-06-14 10:03:00,69552
335,ED1108,WFI+9mg/g NACL 1x0.70ml PFS DSF4 BD,2570/Ma_B.SLV.Counter.Counter0202,2024-06-14 10:15:00,20891
336,ED1108,WFI+9mg/g NACL 1x0.70ml PFS DSF4 BD,2570/Ma_B.SLV.Counter.Counter0200,2024-06-14 10:16:00,70268
337,ED1108,WFI+9mg/g NACL 1x0.70ml PFS DSF4 BD,2570/Ma_B.SLV.Counter.Counter0200,2024-06-14 10:24:00,71156
338,ED1108,WFI+9mg/g NACL 1x0.70ml PFS DSF4 BD,2570/Ma_B.SLV.Counter.Counter0200,2024-06-14 10:25:00,71201
339,ED1108,WFI+9mg/g NACL 1x0.70ml PFS DSF4 BD,2570/Ma_B.SLV.Counter.Counter0202,2024-06-14 10:29:00,21193
340,ED1108,WFI+9mg/g NACL 1x0.70ml PFS DSF4 BD,2570/Ma_B.SLV.Counter.Counter0200,2024-06-14 10:31:00,71564
341,ED1108,WFI+9mg/g NACL 1x0.70ml PFS DSF4 BD,2570/Ma_B.SLV.Counter.Counter0202,2024-06-14 10:31:00,21304
342,ED1108,WFI+9mg/g NACL 1x0.70ml PFS DSF4 BD,2570/Ma_B.SLV.Counter.Counter0200,2024-06-14 10:32:00,71713
343,ED1108,WFI+9mg/g NACL 1x0.70ml PFS DSF4 BD,2570/Ma_B.SLV.Counter.Counter0200,2024-06-14 10:39:00,72333
344,ED1108,WFI+9mg/g NACL 1x0.70ml PFS DSF4 BD,2570/Ma_B.SLV.Counter.Counter0200,2024-06-14 10:40:00,72424
345,ED1108,WFI+9mg/g NACL 1x0.70ml PFS DSF4 BD,2570/Ma_B.SLV.Counter.Counter0200,2024-06-14 10:45:00,72768
346,ED1108,WFI+9mg/g NACL 1x0.70ml PFS DSF4 BD,2570/Ma_B.SLV.Counter.Counter0200,2024-06-14 10:46:00,72875
347,ED1108,WFI+9mg/g NACL 1x0.70ml PFS DSF4 BD,2570/Ma_B.SLV.Counter.Counter0202,2024-06-14 10:49:00,21520
348,ED1108,WFI+9mg/g NACL 1x0.70ml PFS DSF4 BD,2570/Ma_B.SLV.Counter.Counter0200,2024-06-14 10:50:00,73051
349,ED1108,WFI+9mg/g NACL 1x0.70ml PFS DSF4 BD,2570/Ma_B.SLV.Counter.Counter0202,2024-06-14 10:52:00,21573
350,ED1108,WFI+9mg/g NACL 1x0.70ml PFS DSF4 BD,2570/Ma_B.SLV.Counter.Counter0200,2024-06-14 10:53:00,73283
351,ED1108,WFI+9mg/g NACL 1x0.70ml PFS DSF4 BD,2570/Ma_B.SLV.Counter.Counter0200,2024-06-14 11:09:00,74170
352,ED1108,WFI+9mg/g NACL 1x0.70ml PFS DSF4 BD,2570/Ma_B.SLV.Counter.Counter0200,2024-06-14 11:10:00,74300
353,ED1108,WFI+9mg/g NACL 1x0.70ml PFS DSF4 BD,2570/Ma_B.SLV.Counter.Counter0200,2024-06-14 11:12:00,74542
354,ED1108,WFI+9mg/g NACL 1x0.70ml PFS DSF4 BD,2570/Ma_B.SLV.Counter.Counter0200,2024-06-14 11:14:00,74565
355,ED1108,WFI+9mg/g NACL 1x0.70ml PFS DSF4 BD,2570/Ma_B.SLV.Counter.Counter0202,2024-06-14 11:15:00,21969
356,ED1108,WFI+9mg/g NACL 1x0.70ml PFS DSF4 BD,2570/Ma_B.SLV.Counter.Counter0200,2024-06-14 11:16:00,74982
357,ED1108,WFI+9mg/g NACL 1x0.70ml PFS DSF4 BD,2570/Ma_B.SLV.Counter.Counter0200,2024-06-14 11:17:00,75169
358,ED1108,WFI+9mg/g NACL 1x0.70ml PFS DSF4 BD,2570/Ma_B.SLV.Counter.Counter0200,2024-06-14 11:18:00,75303
359,ED1108,WFI+9mg/g NACL 1x0.70ml PFS DSF4 BD,2570/Ma_B.SLV.Counter.Counter0202,2024-06-14 11:19:00,21980
360,ED1108,WFI+9mg/g NACL 1x0.70ml PFS DSF4 BD,2570/Ma_B.SLV.Counter.Counter0200,2024-06-14 11:20:00,75490
361,ED1108,WFI+9mg/g NACL 1x0.70ml PFS DSF4 BD,2570/Ma_B.SLV.Counter.Counter0200,2024-06-14 11:21:00,75614
362,ED1108,WFI+9mg/g NACL 1x0.70ml PFS DSF4 BD,2570/Ma_B.SLV.Counter.Counter0200,2024-06-14 11:22:00,75644
363,ED1108,WFI+9mg/g NACL 1x0.70ml PFS DSF4 BD,2570/Ma_B.SLV.Counter.Counter0202,2024-06-14 11:30:00,22246
364,ED1108,WFI+9mg/g NACL 1x0.70ml PFS DSF4 BD,2570/Ma_B.SLV.Counter.Counter0200,2024-06-14 11:31:00,76314
365,ED1108,WFI+9mg/g NACL 1x0.70ml PFS DSF4 BD,2570/Ma_B.SLV.Counter.Counter0202,2024-06-14 11:42:00,22715
366,ED1108,WFI+9mg/g NACL 1x0.70ml PFS DSF4 BD,2570/Ma_B.SLV.Counter.Counter0200,2024-06-14 11:43:00,77305
367,ED1108,WFI+9mg/g NACL 1x0.70ml PFS DSF4 BD,2570/Ma_B.SLV.Counter.Counter0202,2024-06-14 11:44:00,22736
368,ED1108,WFI+9mg/g NACL 1x0.70ml PFS DSF4 BD,2570/Ma_B.SLV.Counter.Counter0200,2024-06-14 11:45:00,77681
369,ED1108,WFI+9mg/g NACL 1x0.70ml PFS DSF4 BD,2570/Ma_B.SLV.Counter.Counter0202,2024-06-14 11:47:00,22824
370,ED1108,WFI+9mg/g NACL 1x0.70ml PFS DSF4 BD,2570/Ma_B.SLV.Counter.Counter0200,2024-06-14 11:49:00,77923
371,ED1108,WFI+9mg/g NACL 1x0.70ml PFS DSF4 BD,2570/Ma_B.SLV.Counter.Counter0202,2024-06-14 11:50:00,22843
372,ED1108,WFI+9mg/g NACL 1x0.70ml PFS DSF4 BD,2570/Ma_B.SLV.Counter.Counter0200,2024-06-14 11:51:00,78205
373,ED1108,WFI+9mg/g NACL 1x0.70ml PFS DSF4 BD,2570/Ma_B.SLV.Counter.Counter0200,2024-06-14 12:01:00,78975
374,ED1108,WFI+9mg/g NACL 1x0.70ml PFS DSF4 BD,2570/Ma_B.SLV.Counter.Counter0200,2024-06-14 12:04:00,79141
375,ED1108,WFI+9mg/g NACL 1x0.70ml PFS DSF4 BD,2570/Ma_B.SLV.Counter.Counter0202,2024-06-14 12:12:00,23344
376,ED1108,WFI+9mg/g NACL 1x0.70ml PFS DSF4 BD,2570/Ma_B.SLV.Counter.Counter0200,2024-06-14 12:14:00,79783
377,ED1108,WFI+9mg/g NACL 1x0.70ml PFS DSF4 BD,2570/Ma_B.SLV.Counter.Counter0200,2024-06-14 12:14:00,79888
378,ED1108,WFI+9mg/g NACL 1x0.70ml PFS DSF4 BD,2570/Ma_B.SLV.Counter.Counter0200,2024-06-14 12:15:00,79921
379,ED1108,WFI+9mg/g NACL 1x0.70ml PFS DSF4 BD,2570/Ma_B.SLV.Counter.Counter0200,2024-06-14 12:15:00,79914
380,ED1108,WFI+9mg/g NACL 1x0.70ml PFS DSF4 BD,2570/Ma_B.SLV.Counter.Counter0200,2024-06-14 12:16:00,80044
381,ED1108,WFI+9mg/g NACL 1x0.70ml PFS DSF4 BD,2570/Ma_B.SLV.Counter.Counter0200,2024-06-14 12:19:00,80210
382,ED1108,WFI+9mg/g NACL 1x0.70ml PFS DSF4 BD,2570/Ma_B.SLV.Counter.Counter0200,2024-06-14 12:21:00,80324
383,ED1108,WFI+9mg/g NACL 1x0.70ml PFS DSF4 BD,2570/Ma_B.SLV.Counter.Counter0200,2024-06-14 12:22:00,80324
384,ED1108,WFI+9mg/g NACL 1x0.70ml PFS DSF4 BD,2570/Ma_B.SLV.Counter.Counter0200,2024-06-14 12:22:00,80385
385,ED1108,WFI+9mg/g NACL 1x0.70ml PFS DSF4 BD,2570/Ma_B.SLV.Counter.Counter0200,2024-06-14 12:22:00,80505
386,ED1108,WFI+9mg/g NACL 1x0.70ml PFS DSF4 BD,2570/Ma_B.SLV.Counter.Counter0200,2024-06-14 12:23:00,80556
387,ED1108,WFI+9mg/g NACL 1x0.70ml PFS DSF4 BD,2570/Ma_B.SLV.Counter.Counter0200,2024-06-14 12:23:00,80580
388,ED1108,WFI+9mg/g NACL 1x0.70ml PFS DSF4 BD,2570/Ma_B.SLV.Counter.Counter0200,2024-06-14 12:23:00,80631
389,ED1108,WFI+9mg/g NACL 1x0.70ml PFS DSF4 BD,2570/Ma_B.SLV.Counter.Counter0200,2024-06-14 12:35:00,81262
390,ED1108,WFI+9mg/g NACL 1x0.70ml PFS DSF4 BD,2570/Ma_B.SLV.Counter.Counter0200,2024-06-14 12:36:00,81346
391,ED1108,WFI+9mg/g NACL 1x0.70ml PFS DSF4 BD,2570/Ma_B.SLV.Counter.Counter0202,2024-06-14 12:38:00,23737
392,ED1108,WFI+9mg/g NACL 1x0.70ml PFS DSF4 BD,2570/Ma_B.SLV.Counter.Counter0200,2024-06-14 12:40:00,81523
393,ED1108,WFI+9mg/g NACL 1x0.70ml PFS DSF4 BD,2570/Ma_B.SLV.Counter.Counter0200,2024-06-14 12:46:00,81795
394,ED1108,WFI+9mg/g NACL 1x0.70ml PFS DSF4 BD,2570/Ma_B.SLV.Counter.Counter0200,2024-06-14 12:49:00,81912
395,ED1108,WFI+9mg/g NACL 1x0.70ml PFS DSF4 BD,2570/Ma_B.SLV.Counter.Counter0202,2024-06-14 12:55:00,23887
396,ED1108,WFI+9mg/g NACL 1x0.70ml PFS DSF4 BD,2570/Ma_B.SLV.Counter.Counter0200,2024-06-14 12:56:00,82488
397,ED1108,WFI+9mg/g NACL 1x0.70ml PFS DSF4 BD,2570/Ma_B.SLV.Counter.Counter0200,2024-06-14 12:57:00,82704
398,ED1108,WFI+9mg/g NACL 1x0.70ml PFS DSF4 BD,2570/Ma_B.SLV.Counter.Counter0200,2024-06-14 12:59:00,82764
399,ED1108,WFI+9mg/g NACL 1x0.70ml PFS DSF4 BD,2570/Ma_B.SLV.Counter.Counter0202,2024-06-14 13:03:00,23986
400,ED1108,WFI+9mg/g NACL 1x0.70ml PFS DSF4 BD,2570/Ma_B.SLV.Counter.Counter0200,2024-06-14 13:04:00,82954
401,ED1108,WFI+9mg/g NACL 1x0.70ml PFS DSF4 BD,2570/Ma_B.SLV.Counter.Counter0200,2024-06-14 13:07:00,83273
402,ED1108,WFI+9mg/g NACL 1x0.70ml PFS DSF4 BD,2570/Ma_B.SLV.Counter.Counter0200,2024-06-14 13:08:00,83422
403,ED1108,WFI+9mg/g NACL 1x0.70ml PFS DSF4 BD,2570/Ma_B.SLV.Counter.Counter0200,2024-06-14 13:09:00,83601
404,ED1108,WFI+9mg/g NACL 1x0.70ml PFS DSF4 BD,2570/Ma_B.SLV.Counter.Counter0200,2024-06-14 13:10:00,83723
405,ED1108,WFI+9mg/g NACL 1x0.70ml PFS DSF4 BD,2570/Ma_B.SLV.Counter.Counter0202,2024-06-14 13:17:00,24155
406,ED1108,WFI+9mg/g NACL 1x0.70ml PFS DSF4 BD,2570/Ma_B.SLV.Counter.Counter0200,2024-06-14 13:18:00,84084
407,ED1108,WFI+9mg/g NACL 1x0.70ml PFS DSF4 BD,2570/Ma_B.SLV.Counter.Counter0202,2024-06-14 13:24:00,24465
408,ED1108,WFI+9mg/g NACL 1x0.70ml PFS DSF4 BD,2570/Ma_B.SLV.Counter.Counter0200,2024-06-14 13:25:00,84980
409,ED1108,WFI+9mg/g NACL 1x0.70ml PFS DSF4 BD,2570/Ma_B.SLV.Counter.Counter0200,2024-06-14 13:32:00,85212
410,ED1108,WFI+9mg/g NACL 1x0.70ml PFS DSF4 BD,2570/Ma_B.SLV.Counter.Counter0200,2024-06-14 13:34:00,85351
411,ED1108,WFI+9mg/g NACL 1x0.70ml PFS DSF4 BD,2570/Ma_B.SLV.Counter.Counter0202,2024-06-14 13:34:00,24653
412,ED1108,WFI+9mg/g NACL 1x0.70ml PFS DSF4 BD,2570/Ma_B.SLV.Counter.Counter0200,2024-06-14 13:36:00,85624
413,ED1108,WFI+9mg/g NACL 1x0.70ml PFS DSF4 BD,2570/Ma_B.SLV.Counter.Counter0202,2024-06-14 13:36:00,24673
414,ED1108,WFI+9mg/g NACL 1x0.70ml PFS DSF4 BD,2570/Ma_B.SLV.Counter.Counter0200,2024-06-14 13:37:00,85845
415,ED1108,WFI+9mg/g NACL 1x0.70ml PFS DSF4 BD,2570/Ma_B.SLV.Counter.Counter0200,2024-06-14 13:39:00,86210
416,ED1108,WFI+9mg/g NACL 1x0.70ml PFS DSF4 BD,2570/Ma_B.SLV.Counter.Counter0200,2024-06-14 13:40:00,86235
417,ED1108,WFI+9mg/g NACL 1x0.70ml PFS DSF4 BD,2570/Ma_B.SLV.Counter.Counter0202,2024-06-14 13:40:00,24705
418,ED1108,WFI+9mg/g NACL 1x0.70ml PFS DSF4 BD,2570/Ma_B.SLV.Counter.Counter0200,2024-06-14 13:42:00,86292
419,ED1108,WFI+9mg/g NACL 1x0.70ml PFS DSF4 BD,2570/Ma_B.SLV.Counter.Counter0200,2024-06-14 13:42:00,86410
420,ED1108,WFI+9mg/g NACL 1x0.70ml PFS DSF4 BD,2570/Ma_B.SLV.Counter.Counter0200,2024-06-14 13:42:00,86472
421,ED1108,WFI+9mg/g NACL 1x0.70ml PFS DSF4 BD,2570/Ma_B.SLV.Counter.Counter0202,2024-06-14 13:42:00,24761
422,ED1108,WFI+9mg/g NACL 1x0.70ml PFS DSF4 BD,2570/Ma_B.SLV.Counter.Counter0200,2024-06-14 13:43:00,86664
423,ED1108,WFI+9mg/g NACL 1x0.70ml PFS DSF4 BD,2570/Ma_B.SLV.Counter.Counter0202,2024-06-14 13:44:00,24870
424,ED1108,WFI+9mg/g NACL 1x0.70ml PFS DSF4 BD,2570/Ma_B.SLV.Counter.Counter0200,2024-06-14 13:45:00,86772
425,ED1108,WFI+9mg/g NACL 1x0.70ml PFS DSF4 BD,2570/Ma_B.SLV.Counter.Counter0200,2024-06-14 13:45:00,86778
426,ED1108,WFI+9mg/g NACL 1x0.70ml PFS DSF4 BD,2570/Ma_B.SLV.Counter.Counter0200,2024-06-14 13:47:00,86805
427,ED1108,WFI+9mg/g NACL 1x0.70ml PFS DSF4 BD,2570/Ma_B.SLV.Counter.Counter0200,2024-06-14 13:47:00,86874
428,ED1108,WFI+9mg/g NACL 1x0.70ml PFS DSF4 BD,2570/Ma_B.SLV.Counter.Counter0200,2024-06-14 13:47:00,87052
429,ED1108,WFI+9mg/g NACL 1x0.70ml PFS DSF4 BD,2570/Ma_B.SLV.Counter.Counter0202,2024-06-14 13:48:00,24940
430,ED1108,WFI+9mg/g NACL 1x0.70ml PFS DSF4 BD,2570/Ma_B.SLV.Counter.Counter0200,2024-06-14 13:49:00,87475
431,ED1108,WFI+9mg/g NACL 1x0.70ml PFS DSF4 BD,2570/Ma_B.SLV.Counter.Counter0202,2024-06-14 13:58:00,25069
432,ED1108,WFI+9mg/g NACL 1x0.70ml PFS DSF4 BD,2570/Ma_B.SLV.Counter.Counter0200,2024-06-14 13:59:00,87898
433,ED1108,WFI+9mg/g NACL 1x0.70ml PFS DSF4 BD,2570/Ma_B.SLV.Counter.Counter0202,2024-06-14 14:14:00,25356
434,ED1108,WFI+9mg/g NACL 1x0.70ml PFS DSF4 BD,2570/Ma_B.SLV.Counter.Counter0200,2024-06-14 14:15:00,88621
435,ED1108,WFI+9mg/g NACL 1x0.70ml PFS DSF4 BD,2570/Ma_B.SLV.Counter.Counter0202,2024-06-14 14:17:00,25471
436,ED1108,WFI+9mg/g NACL 1x0.70ml PFS DSF4 BD,2570/Ma_B.SLV.Counter.Counter0200,2024-06-14 14:18:00,88890
437,ED1108,WFI+9mg/g NACL 1x0.70ml PFS DSF4 BD,2570/Ma_B.SLV.Counter.Counter0202,2024-06-14 14:25:00,25576
438,ED1108,WFI+9mg/g NACL 1x0.70ml PFS DSF4 BD,2570/Ma_B.SLV.Counter.Counter0200,2024-06-14 14:26:00,89472
439,ED1108,WFI+9mg/g NACL 1x0.70ml PFS DSF4 BD,2570/Ma_B.SLV.Counter.Counter0200,2024-06-14 14:29:00,89883
440,ED1108,WFI+9mg/g NACL 1x0.70ml PFS DSF4 BD,2570/Ma_B.SLV.Counter.Counter0200,2024-06-14 14:30:00,89985
441,ED1108,WFI+9mg/g NACL 1x0.70ml PFS DSF4 BD,2570/Ma_B.SLV.Counter.Counter0202,2024-06-14 14:31:00,25639
442,ED1108,WFI+9mg/g NACL 1x0.70ml PFS DSF4 BD,2570/Ma_B.SLV.Counter.Counter0200,2024-06-14 14:32:00,90184
443,ED1108,WFI+9mg/g NACL 1x0.70ml PFS DSF4 BD,2570/Ma_B.SLV.Counter.Counter0202,2024-06-14 14:32:00,25664
444,ED1108,WFI+9mg/g NACL 1x0.70ml PFS DSF4 BD,2570/Ma_B.SLV.Counter.Counter0200,2024-06-14 14:33:00,90331
445,ED1108,WFI+9mg/g NACL 1x0.70ml PFS DSF4 BD,2570/Ma_B.SLV.Counter.Counter0202,2024-06-14 14:33:00,25687
446,ED1108,WFI+9mg/g NACL 1x0.70ml PFS DSF4 BD,2570/Ma_B.SLV.Counter.Counter0200,2024-06-14 14:34:00,90507
447,ED1108,WFI+9mg/g NACL 1x0.70ml PFS DSF4 BD,2570/Ma_B.SLV.Counter.Counter0200,2024-06-14 14:36:00,90689
448,ED1108,WFI+9mg/g NACL 1x0.70ml PFS DSF4 BD,2570/Ma_B.SLV.Counter.Counter0200,2024-06-14 14:37:00,90760
449,ED1108,WFI+9mg/g NACL 1x0.70ml PFS DSF4 BD,2570/Ma_B.SLV.Counter.Counter0202,2024-06-14 14:44:00,26216
450,ED1108,WFI+9mg/g NACL 1x0.70ml PFS DSF4 BD,2570/Ma_B.SLV.Counter.Counter0200,2024-06-14 14:45:00,91510
451,ED1108,WFI+9mg/g NACL 1x0.70ml PFS DSF4 BD,2570/Ma_B.SLV.Counter.Counter0202,2024-06-14 14:47:00,26299
452,ED1108,WFI+9mg/g NACL 1x0.70ml PFS DSF4 BD,2570/Ma_B.SLV.Counter.Counter0200,2024-06-14 14:48:00,91817
453,ED1108,WFI+9mg/g NACL 1x0.70ml PFS DSF4 BD,2570/Ma_B.SLV.Counter.Counter0202,2024-06-14 14:52:00,26399
454,ED1108,WFI+9mg/g NACL 1x0.70ml PFS DSF4 BD,2570/Ma_B.SLV.Counter.Counter0200,2024-06-14 14:53:00,92017
455,ED1108,WFI+9mg/g NACL 1x0.70ml PFS DSF4 BD,2570/Ma_B.SLV.Counter.Counter0200,2024-06-14 14:54:00,92017
456,ED1108,WFI+9mg/g NACL 1x0.70ml PFS DSF4 BD,2570/Ma_B.SLV.Counter.Counter0200,2024-06-14 14:55:00,92065
457,ED1108,WFI+9mg/g NACL 1x0.70ml PFS DSF4 BD,2570/Ma_B.SLV.Counter.Counter0202,2024-06-14 15:28:00,27245
458,ED1108,WFI+9mg/g NACL 1x0.70ml PFS DSF4 BD,2570/Ma_B.SLV.Counter.Counter0200,2024-06-14 15:30:00,94436
459,ED1108,WFI+9mg/g NACL 1x0.70ml PFS DSF4 BD,2570/Ma_B.SLV.Counter.Counter0200,2024-06-14 15:32:00,94617
460,ED1108,WFI+9mg/g NACL 1x0.70ml PFS DSF4 BD,2570/Ma_B.SLV.Counter.Counter0200,2024-06-14 15:34:00,94644
461,ED1108,WFI+9mg/g NACL 1x0.70ml PFS DSF4 BD,2570/Ma_B.SLV.Counter.Counter0202,2024-06-14 15:39:00,27619
462,ED1108,WFI+9mg/g NACL 1x0.70ml PFS DSF4 BD,2570/Ma_B.SLV.Counter.Counter0200,2024-06-14 15:41:00,95081
463,ED1108,WFI+9mg/g NACL 1x0.70ml PFS DSF4 BD,2570/Ma_B.SLV.Counter.Counter0202,2024-06-14 15:46:00,27646
464,ED1108,WFI+9mg/g NACL 1x0.70ml PFS DSF4 BD,2570/Ma_B.SLV.Counter.Counter0200,2024-06-14 15:47:00,95531
465,ED1108,WFI+9mg/g NACL 1x0.70ml PFS DSF4 BD,2570/Ma_B.SLV.Counter.Counter0202,2024-06-14 15:53:00,27831
466,ED1108,WFI+9mg/g NACL 1x0.70ml PFS DSF4 BD,2570/Ma_B.SLV.Counter.Counter0200,2024-06-14 15:54:00,96327
467,ED1108,WFI+9mg/g NACL 1x0.70ml PFS DSF4 BD,2570/Ma_B.SLV.Counter.Counter0202,2024-06-14 15:55:00,27986
468,ED1108,WFI+9mg/g NACL 1x0.70ml PFS DSF4 BD,2570/Ma_B.SLV.Counter.Counter0200,2024-06-14 15:56:00,96640
469,ED1108,WFI+9mg/g NACL 1x0.70ml PFS DSF4 BD,2570/Ma_B.SLV.Counter.Counter0202,2024-06-14 16:10:00,28558
470,ED1108,WFI+9mg/g NACL 1x0.70ml PFS DSF4 BD,2570/Ma_B.SLV.Counter.Counter0200,2024-06-14 16:11:00,97876
471,ED1108,WFI+9mg/g NACL 1x0.70ml PFS DSF4 BD,2570/Ma_B.SLV.Counter.Counter0200,2024-06-14 16:11:00,97939
472,ED1108,WFI+9mg/g NACL 1x0.70ml PFS DSF4 BD,2570/Ma_B.SLV.Counter.Counter0200,2024-06-14 16:13:00,97982
473,ED1108,WFI+9mg/g NACL 1x0.70ml PFS DSF4 BD,2570/Ma_B.SLV.Counter.Counter0202,2024-06-14 16:22:00,28652
474,ED1108,WFI+9mg/g NACL 1x0.70ml PFS DSF4 BD,2570/Ma_B.SLV.Counter.Counter0200,2024-06-14 16:24:00,98870
475,ED1108,WFI+9mg/g NACL 1x0.70ml PFS DSF4 BD,2570/Ma_B.SLV.Counter.Counter0200,2024-06-14 16:26:00,98930
476,ED1108,WFI+9mg/g NACL 1x0.70ml PFS DSF4 BD,2570/Ma_B.SLV.Counter.Counter0200,2024-06-14 16:27:00,99004
477,ED1108,WFI+9mg/g NACL 1x0.70ml PFS DSF4 BD,2570/Ma_B.SLV.Counter.Counter0202,2024-06-14 16:29:00,28839
478,ED1108,WFI+9mg/g NACL 1x0.70ml PFS DSF4 BD,2570/Ma_B.SLV.Counter.Counter0200,2024-06-14 16:31:00,99354
479,ED1108,WFI+9mg/g NACL 1x0.70ml PFS DSF4 BD,2570/Ma_B.SLV.Counter.Counter0202,2024-06-14 16:31:00,28885
480,ED1108,WFI+9mg/g NACL 1x0.70ml PFS DSF4 BD,2570/Ma_B.SLV.Counter.Counter0200,2024-06-14 16:32:00,99424
481,ED1108,WFI+9mg/g NACL 1x0.70ml PFS DSF4 BD,2570/Ma_B.SLV.Counter.Counter0200,2024-06-14 16:32:00,99478
482,ED1108,WFI+9mg/g NACL 1x0.70ml PFS DSF4 BD,2570/Ma_B.SLV.Counter.Counter0200,2024-06-14 16:32:00,99500
483,ED1108,WFI+9mg/g NACL 1x0.70ml PFS DSF4 BD,2570/Ma_B.SLV.Counter.Counter0202,2024-06-14 16:39:00,29198
484,ED1108,WFI+9mg/g NACL 1x0.70ml PFS DSF4 BD,2570/Ma_B.SLV.Counter.Counter0200,2024-06-14 16:40:00,99980
485,ED1108,WFI+9mg/g NACL 1x0.70ml PFS DSF4 BD,2570/Ma_B.SLV.Counter.Counter0202,2024-06-14 16:42:00,29341
486,ED1108,WFI+9mg/g NACL 1x0.70ml PFS DSF4 BD,2570/Ma_B.SLV.Counter.Counter0200,2024-06-14 16:43:00,100308
487,ED1108,WFI+9mg/g NACL 1x0.70ml PFS DSF4 BD,2570/Ma_B.SLV.Counter.Counter0202,2024-06-14 16:44:00,29386
488,ED1108,WFI+9mg/g NACL 1x0.70ml PFS DSF4 BD,2570/Ma_B.SLV.Counter.Counter0200,2024-06-14 16:45:00,100555
489,ED1108,WFI+9mg/g NACL 1x0.70ml PFS DSF4 BD,2570/Ma_B.SLV.Counter.Counter0202,2024-06-14 16:49:00,29606
490,ED1108,WFI+9mg/g NACL 1x0.70ml PFS DSF4 BD,2570/Ma_B.SLV.Counter.Counter0200,2024-06-14 16:50:00,100703
491,ED1108,WFI+9mg/g NACL 1x0.70ml PFS DSF4 BD,2570/Ma_B.SLV.Counter.Counter0200,2024-06-14 16:59:00,101916
492,ED1108,WFI+9mg/g NACL 1x0.70ml PFS DSF4 BD,2570/Ma_B.SLV.Counter.Counter0200,2024-06-14 17:00:00,102095
493,ED1108,WFI+9mg/g NACL 1x0.70ml PFS DSF4 BD,2570/Ma_B.SLV.Counter.Counter0200,2024-06-14 17:04:00,102395
494,ED1108,WFI+9mg/g NACL 1x0.70ml PFS DSF4 BD,2570/Ma_B.SLV.Counter.Counter0200,2024-06-14 17:05:00,102474
495,ED1108,WFI+9mg/g NACL 1x0.70ml PFS DSF4 BD,2570/Ma_B.SLV.Counter.Counter0200,2024-06-14 17:05:00,102478
496,ED1108,WFI+9mg/g NACL 1x0.70ml PFS DSF4 BD,2570/Ma_B.SLV.Counter.Counter0200,2024-06-14 17:05:00,102482
497,ED1108,WFI+9mg/g NACL 1x0.70ml PFS DSF4 BD,2570/Ma_B.SLV.Counter.Counter0200,2024-06-14 17:05:00,102595
498,ED1108,WFI+9mg/g NACL 1x0.70ml PFS DSF4 BD,2570/Ma_B.SLV.Counter.Counter0200,2024-06-14 17:06:00,102736
499,ED1108,WFI+9mg/g NACL 1x0.70ml PFS DSF4 BD,2570/Ma_B.SLV.Counter.Counter0200,2024-06-14 17:06:00,102649
500,ED1108,WFI+9mg/g NACL 1x0.70ml PFS DSF4 BD,2570/Ma_B.SLV.Counter.Counter0200,2024-06-14 17:07:00,102911
501,ED1108,WFI+9mg/g NACL 1x0.70ml PFS DSF4 BD,2570/Ma_B.SLV.Counter.Counter0200,2024-06-14 17:11:00,103355
502,ED1108,WFI+9mg/g NACL 1x0.70ml PFS DSF4 BD,2570/Ma_B.SLV.Counter.Counter0200,2024-06-14 17:12:00,103429
503,ED1108,WFI+9mg/g NACL 1x0.70ml PFS DSF4 BD,2570/Ma_B.SLV.Counter.Counter0200,2024-06-14 17:22:00,103978
504,ED1108,WFI+9mg/g NACL 1x0.70ml PFS DSF4 BD,2570/Ma_B.SLV.Counter.Counter0200,2024-06-14 17:25:00,104080
505,ED1108,WFI+9mg/g NACL 1x0.70ml PFS DSF4 BD,2570/Ma_B.SLV.Counter.Counter0202,2024-06-14 17:28:00,30550
506,ED1108,WFI+9mg/g NACL 1x0.70ml PFS DSF4 BD,2570/Ma_B.SLV.Counter.Counter0200,2024-06-14 17:29:00,104349
507,ED1108,WFI+9mg/g NACL 1x0.70ml PFS DSF4 BD,2570/Ma_B.SLV.Counter.Counter0202,2024-06-14 17:30:00,30605
508,ED1108,WFI+9mg/g NACL 1x0.70ml PFS DSF4 BD,2570/Ma_B.SLV.Counter.Counter0200,2024-06-14 17:31:00,104697
509,ED1108,WFI+9mg/g NACL 1x0.70ml PFS DSF4 BD,2570/Ma_B.SLV.Counter.Counter0202,2024-06-14 17:34:00,30713
510,ED1108,WFI+9mg/g NACL 1x0.70ml PFS DSF4 BD,2570/Ma_B.SLV.Counter.Counter0200,2024-06-14 17:35:00,105108
511,ED1108,WFI+9mg/g NACL 1x0.70ml PFS DSF4 BD,2570/Ma_B.SLV.Counter.Counter0202,2024-06-14 17:37:00,30812
512,ED1108,WFI+9mg/g NACL 1x0.70ml PFS DSF4 BD,2570/Ma_B.SLV.Counter.Counter0200,2024-06-14 17:38:00,105523
513,ED1108,WFI+9mg/g NACL 1x0.70ml PFS DSF4 BD,2570/Ma_B.SLV.Counter.Counter0202,2024-06-14 17:40:00,30837
514,ED1108,WFI+9mg/g NACL 1x0.70ml PFS DSF4 BD,2570/Ma_B.SLV.Counter.Counter0200,2024-06-14 17:41:00,105733
515,ED1108,WFI+9mg/g NACL 1x0.70ml PFS DSF4 BD,2570/Ma_B.SLV.Counter.Counter0200,2024-06-14 17:48:00,106475
516,ED1108,WFI+9mg/g NACL 1x0.70ml PFS DSF4 BD,2570/Ma_B.SLV.Counter.Counter0200,2024-06-14 17:49:00,106480
517,ED1108,WFI+9mg/g NACL 1x0.70ml PFS DSF4 BD,2570/Ma_B.SLV.Counter.Counter0200,2024-06-14 17:49:00,106629
518,ED1108,WFI+9mg/g NACL 1x0.70ml PFS DSF4 BD,2570/Ma_B.SLV.Counter.Counter0200,2024-06-14 17:49:00,106777
519,ED1108,WFI+9mg/g NACL 1x0.70ml PFS DSF4 BD,2570/Ma_B.SLV.Counter.Counter0202,2024-06-14 18:01:00,31576
520,ED1108,WFI+9mg/g NACL 1x0.70ml PFS DSF4 BD,2570/Ma_B.SLV.Counter.Counter0200,2024-06-14 18:02:00,107320
521,ED1108,WFI+9mg/g NACL 1x0.70ml PFS DSF4 BD,2570/Ma_B.SLV.Counter.Counter0200,2024-06-14 18:03:00,107421
522,ED1108,WFI+9mg/g NACL 1x0.70ml PFS DSF4 BD,2570/Ma_B.SLV.Counter.Counter0200,2024-06-14 18:05:00,107460
523,ED1108,WFI+9mg/g NACL 1x0.70ml PFS DSF4 BD,2570/Ma_B.SLV.Counter.Counter0202,2024-06-14 18:06:00,31673
524,ED1108,WFI+9mg/g NACL 1x0.70ml PFS DSF4 BD,2570/Ma_B.SLV.Counter.Counter0200,2024-06-14 18:07:00,107679
525,ED1108,WFI+9mg/g NACL 1x0.70ml PFS DSF4 BD,2570/Ma_B.SLV.Counter.Counter0200,2024-06-14 18:09:00,107915
526,ED1108,WFI+9mg/g NACL 1x0.70ml PFS DSF4 BD,2570/Ma_B.SLV.Counter.Counter0200,2024-06-14 18:11:00,108083
527,ED1108,WFI+9mg/g NACL 1x0.70ml PFS DSF4 BD,2570/Ma_B.SLV.Counter.Counter0202,2024-06-14 18:11:00,31697
528,ED1108,WFI+9mg/g NACL 1x0.70ml PFS DSF4 BD,2570/Ma_B.SLV.Counter.Counter0200,2024-06-14 18:12:00,108216
529,ED1108,WFI+9mg/g NACL 1x0.70ml PFS DSF4 BD,2570/Ma_B.SLV.Counter.Counter0200,2024-06-14 18:13:00,108327
530,ED1108,WFI+9mg/g NACL 1x0.70ml PFS DSF4 BD,2570/Ma_B.SLV.Counter.Counter0200,2024-06-14 18:14:00,108425
531,ED1108,WFI+9mg/g NACL 1x0.70ml PFS DSF4 BD,2570/Ma_B.SLV.Counter.Counter0202,2024-06-14 18:14:00,31776
532,ED1108,WFI+9mg/g NACL 1x0.70ml PFS DSF4 BD,2570/Ma_B.SLV.Counter.Counter0200,2024-06-14 18:15:00,108678
533,ED1108,WFI+9mg/g NACL 1x0.70ml PFS DSF4 BD,2570/Ma_B.SLV.Counter.Counter0200,2024-06-14 18:24:00,109089
534,ED1108,WFI+9mg/g NACL 1x0.70ml PFS DSF4 BD,2570/Ma_B.SLV.Counter.Counter0200,2024-06-14 18:26:00,109104
535,ED1108,WFI+9mg/g NACL 1x0.70ml PFS DSF4 BD,2570/Ma_B.SLV.Counter.Counter0202,2024-06-14 18:46:00,32943
536,ED1108,WFI+9mg/g NACL 1x0.70ml PFS DSF4 BD,2570/Ma_B.SLV.Counter.Counter0200,2024-06-14 18:47:00,110678
537,ED1108,WFI+9mg/g NACL 1x0.70ml PFS DSF4 BD,2570/Ma_B.SLV.Counter.Counter0202,2024-06-14 18:47:00,32972
538,ED1108,WFI+9mg/g NACL 1x0.70ml PFS DSF4 BD,2570/Ma_B.SLV.Counter.Counter0200,2024-06-14 18:48:00,110942
539,ED1108,WFI+9mg/g NACL 1x0.70ml PFS DSF4 BD,2570/Ma_B.SLV.Counter.Counter0202,2024-06-14 18:52:00,33071
540,ED1108,WFI+9mg/g NACL 1x0.70ml PFS DSF4 BD,2570/Ma_B.SLV.Counter.Counter0200,2024-06-14 18:53:00,111289
541,ED1108,WFI+9mg/g NACL 1x0.70ml PFS DSF4 BD,2570/Ma_B.SLV.Counter.Counter0200,2024-06-14 18:56:00,111519
542,ED1108,WFI+9mg/g NACL 1x0.70ml PFS DSF4 BD,2570/Ma_B.SLV.Counter.Counter0200,2024-06-14 18:58:00,111644
543,ED1108,WFI+9mg/g NACL 1x0.70ml PFS DSF4 BD,2570/Ma_B.SLV.Counter.Counter0202,2024-06-14 19:00:00,33191
544,ED1108,WFI+9mg/g NACL 1x0.70ml PFS DSF4 BD,2570/Ma_B.SLV.Counter.Counter0200,2024-06-14 19:01:00,111805
545,ED1108,WFI+9mg/g NACL 1x0.70ml PFS DSF4 BD,2570/Ma_B.SLV.Counter.Counter0200,2024-06-14 19:10:00,112474
546,ED1108,WFI+9mg/g NACL 1x0.70ml PFS DSF4 BD,2570/Ma_B.SLV.Counter.Counter0200,2024-06-14 19:11:00,112553
547,ED1108,WFI+9mg/g NACL 1x0.70ml PFS DSF4 BD,2570/Ma_B.SLV.Counter.Counter0202,2024-06-14 19:15:00,33480
548,ED1108,WFI+9mg/g NACL 1x0.70ml PFS DSF4 BD,2570/Ma_B.SLV.Counter.Counter0200,2024-06-14 19:16:00,112930
549,ED1108,WFI+9mg/g NACL 1x0.70ml PFS DSF4 BD,2570/Ma_B.SLV.Counter.Counter0202,2024-06-14 19:18:00,33569
550,ED1108,WFI+9mg/g NACL 1x0.70ml PFS DSF4 BD,2570/Ma_B.SLV.Counter.Counter0200,2024-06-14 19:19:00,113293
551,ED1108,WFI+9mg/g NACL 1x0.70ml PFS DSF4 BD,2570/Ma_B.SLV.Counter.Counter0202,2024-06-14 19:19:00,33588
552,ED1108,WFI+9mg/g NACL 1x0.70ml PFS DSF4 BD,2570/Ma_B.SLV.Counter.Counter0200,2024-06-14 19:20:00,113315
553,ED1108,WFI+9mg/g NACL 1x0.70ml PFS DSF4 BD,2570/Ma_B.SLV.Counter.Counter0202,2024-06-14 19:21:00,33618
554,ED1108,WFI+9mg/g NACL 1x0.70ml PFS DSF4 BD,2570/Ma_B.SLV.Counter.Counter0200,2024-06-14 19:22:00,113651
555,ED1108,WFI+9mg/g NACL 1x0.70ml PFS DSF4 BD,2570/Ma_B.SLV.Counter.Counter0202,2024-06-14 19:26:00,33712
556,ED1108,WFI+9mg/g NACL 1x0.70ml PFS DSF4 BD,2570/Ma_B.SLV.Counter.Counter0200,2024-06-14 19:27:00,114145
557,ED1108,WFI+9mg/g NACL 1x0.70ml PFS DSF4 BD,2570/Ma_B.SLV.Counter.Counter0200,2024-06-14 19:27:00,114328
558,ED1108,WFI+9mg/g NACL 1x0.70ml PFS DSF4 BD,2570/Ma_B.SLV.Counter.Counter0200,2024-06-14 19:28:00,114492
559,ED1108,WFI+9mg/g NACL 1x0.70ml PFS DSF4 BD,2570/Ma_B.SLV.Counter.Counter0202,2024-06-14 19:30:00,33715
560,ED1108,WFI+9mg/g NACL 1x0.70ml PFS DSF4 BD,2570/Ma_B.SLV.Counter.Counter0200,2024-06-14 19:31:00,114685
561,ED1108,WFI+9mg/g NACL 1x0.70ml PFS DSF4 BD,2570/Ma_B.SLV.Counter.Counter0202,2024-06-14 19:40:00,34295
562,ED1108,WFI+9mg/g NACL 1x0.70ml PFS DSF4 BD,2570/Ma_B.SLV.Counter.Counter0200,2024-06-14 19:41:00,115404
563,ED1108,WFI+9mg/g NACL 1x0.70ml PFS DSF4 BD,2570/Ma_B.SLV.Counter.Counter0202,2024-06-14 19:45:00,34379
564,ED1108,WFI+9mg/g NACL 1x0.70ml PFS DSF4 BD,2570/Ma_B.SLV.Counter.Counter0200,2024-06-14 19:46:00,115787
565,ED1108,WFI+9mg/g NACL 1x0.70ml PFS DSF4 BD,2570/Ma_B.SLV.Counter.Counter0202,2024-06-14 19:48:00,34394
566,ED1108,WFI+9mg/g NACL 1x0.70ml PFS DSF4 BD,2570/Ma_B.SLV.Counter.Counter0200,2024-06-14 19:49:00,116026
567,ED1108,WFI+9mg/g NACL 1x0.70ml PFS DSF4 BD,2570/Ma_B.SLV.Counter.Counter0200,2024-06-14 19:55:00,116329
568,ED1108,WFI+9mg/g NACL 1x0.70ml PFS DSF4 BD,2570/Ma_B.SLV.Counter.Counter0200,2024-06-14 19:56:00,116510
569,ED1108,WFI+9mg/g NACL 1x0.70ml PFS DSF4 BD,2570/Ma_B.SLV.Counter.Counter0202,2024-06-14 20:00:00,34641
570,ED1108,WFI+9mg/g NACL 1x0.70ml PFS DSF4 BD,2570/Ma_B.SLV.Counter.Counter0200,2024-06-14 20:01:00,116665
571,ED1108,WFI+9mg/g NACL 1x0.70ml PFS DSF4 BD,2570/Ma_B.SLV.Counter.Counter0202,2024-06-14 20:01:00,34653
572,ED1108,WFI+9mg/g NACL 1x0.70ml PFS DSF4 BD,2570/Ma_B.SLV.Counter.Counter0200,2024-06-14 20:02:00,116755
573,ED1108,WFI+9mg/g NACL 1x0.70ml PFS DSF4 BD,2570/Ma_B.SLV.Counter.Counter0202,2024-06-14 20:02:00,34661
574,ED1108,WFI+9mg/g NACL 1x0.70ml PFS DSF4 BD,2570/Ma_B.SLV.Counter.Counter0200,2024-06-14 20:03:00,116911
575,ED1108,WFI+9mg/g NACL 1x0.70ml PFS DSF4 BD,2570/Ma_B.SLV.Counter.Counter0200,2024-06-14 20:06:00,117198
576,ED1108,WFI+9mg/g NACL 1x0.70ml PFS DSF4 BD,2570/Ma_B.SLV.Counter.Counter0200,2024-06-14 20:10:00,117329
577,ED1108,WFI+9mg/g NACL 1x0.70ml PFS DSF4 BD,2570/Ma_B.SLV.Counter.Counter0202,2024-06-14 20:14:00,34875
578,ED1108,WFI+9mg/g NACL 1x0.70ml PFS DSF4 BD,2570/Ma_B.SLV.Counter.Counter0200,2024-06-14 20:15:00,117727
579,ED1108,WFI+9mg/g NACL 1x0.70ml PFS DSF4 BD,2570/Ma_B.SLV.Counter.Counter0202,2024-06-14 20:16:00,34905
580,ED1108,WFI+9mg/g NACL 1x0.70ml PFS DSF4 BD,2570/Ma_B.SLV.Counter.Counter0200,2024-06-14 20:17:00,117829
581,ED1108,WFI+9mg/g NACL 1x0.70ml PFS DSF4 BD,2570/Ma_B.SLV.Counter.Counter0200,2024-06-14 20:18:00,117829
582,ED1108,WFI+9mg/g NACL 1x0.70ml PFS DSF4 BD,2570/Ma_B.SLV.Counter.Counter0200,2024-06-14 20:18:00,117986
583,ED1108,WFI+9mg/g NACL 1x0.70ml PFS DSF4 BD,2570/Ma_B.SLV.Counter.Counter0202,2024-06-14 20:19:00,35001
584,ED1108,WFI+9mg/g NACL 1x0.70ml PFS DSF4 BD,2570/Ma_B.SLV.Counter.Counter0200,2024-06-14 20:20:00,118092
585,ED1108,WFI+9mg/g NACL 1x0.70ml PFS DSF4 BD,2570/Ma_B.SLV.Counter.Counter0200,2024-06-14 20:24:00,118236
586,ED1108,WFI+9mg/g NACL 1x0.70ml PFS DSF4 BD,2570/Ma_B.SLV.Counter.Counter0200,2024-06-14 20:26:00,118294
587,ED1108,WFI+9mg/g NACL 1x0.70ml PFS DSF4 BD,2570/Ma_B.SLV.Counter.Counter0200,2024-06-14 20:26:00,118390
588,ED1108,WFI+9mg/g NACL 1x0.70ml PFS DSF4 BD,2570/Ma_B.SLV.Counter.Counter0200,2024-06-14 20:27:00,118419
589,ED1108,WFI+9mg/g NACL 1x0.70ml PFS DSF4 BD,2570/Ma_B.SLV.Counter.Counter0202,2024-06-14 20:27:00,35196
590,ED1108,WFI+9mg/g NACL 1x0.70ml PFS DSF4 BD,2570/Ma_B.SLV.Counter.Counter0200,2024-06-14 20:28:00,118576
591,ED1108,WFI+9mg/g NACL 1x0.70ml PFS DSF4 BD,2570/Ma_B.SLV.Counter.Counter0202,2024-06-14 20:41:00,35632
592,ED1108,WFI+9mg/g NACL 1x0.70ml PFS DSF4 BD,2570/Ma_B.SLV.Counter.Counter0200,2024-06-14 20:42:00,119801
593,ED1108,WFI+9mg/g NACL 1x0.70ml PFS DSF4 BD,2570/Ma_B.SLV.Counter.Counter0200,2024-06-14 20:43:00,120035
594,ED1108,WFI+9mg/g NACL 1x0.70ml PFS DSF4 BD,2570/Ma_B.SLV.Counter.Counter0200,2024-06-14 20:44:00,120179
595,ED1108,WFI+9mg/g NACL 1x0.70ml PFS DSF4 BD,2570/Ma_B.SLV.Counter.Counter0200,2024-06-14 20:45:00,120258
596,ED1108,WFI+9mg/g NACL 1x0.70ml PFS DSF4 BD,2570/Ma_B.SLV.Counter.Counter0200,2024-06-14 20:46:00,120376
597,ED1108,WFI+9mg/g NACL 1x0.70ml PFS DSF4 BD,2570/Ma_B.SLV.Counter.Counter0202,2024-06-14 20:48:00,35744
598,ED1108,WFI+9mg/g NACL 1x0.70ml PFS DSF4 BD,2570/Ma_B.SLV.Counter.Counter0200,2024-06-14 20:49:00,120592
599,ED1108,WFI+9mg/g NACL 1x0.70ml PFS DSF4 BD,2570/Ma_B.SLV.Counter.Counter0200,2024-06-14 21:02:00,121178
600,ED1108,WFI+9mg/g NACL 1x0.70ml PFS DSF4 BD,2570/Ma_B.SLV.Counter.Counter0200,2024-06-14 21:03:00,121286
601,ED1108,WFI+9mg/g NACL 1x0.70ml PFS DSF4 BD,2570/Ma_B.SLV.Counter.Counter0202,2024-06-14 21:09:00,36576
602,ED1108,WFI+9mg/g NACL 1x0.70ml PFS DSF4 BD,2570/Ma_B.SLV.Counter.Counter0200,2024-06-14 21:10:00,121473
603,ED1108,WFI+9mg/g NACL 1x0.70ml PFS DSF4 BD,2570/Ma_B.SLV.Counter.Counter0202,2024-06-14 21:11:00,36757
604,ED1108,WFI+9mg/g NACL 1x0.70ml PFS DSF4 BD,2570/Ma_B.SLV.Counter.Counter0200,2024-06-14 21:13:00,121782
605,ED1108,WFI+9mg/g NACL 1x0.70ml PFS DSF4 BD,2570/Ma_B.SLV.Counter.Counter0200,2024-06-14 21:13:00,121759
606,ED1108,WFI+9mg/g NACL 1x0.70ml PFS DSF4 BD,2570/Ma_B.SLV.Counter.Counter0200,2024-06-14 21:15:00,121808
607,ED1108,WFI+9mg/g NACL 1x0.70ml PFS DSF4 BD,2570/Ma_B.SLV.Counter.Counter0202,2024-06-14 21:22:00,36897
608,ED1108,WFI+9mg/g NACL 1x0.70ml PFS DSF4 BD,2570/Ma_B.SLV.Counter.Counter0200,2024-06-14 21:23:00,122042
609,ED1108,WFI+9mg/g NACL 1x0.70ml PFS DSF4 BD,2570/Ma_B.SLV.Counter.Counter0200,2024-06-14 21:25:00,122211
610,ED1108,WFI+9mg/g NACL 1x0.70ml PFS DSF4 BD,2570/Ma_B.SLV.Counter.Counter0200,2024-06-14 21:26:00,122329
611,ED1108,WFI+9mg/g NACL 1x0.70ml PFS DSF4 BD,2570/Ma_B.SLV.Counter.Counter0200,2024-06-14 21:33:00,122700
612,ED1108,WFI+9mg/g NACL 1x0.70ml PFS DSF4 BD,2570/Ma_B.SLV.Counter.Counter0200,2024-06-14 21:34:00,122765
613,ED1108,WFI+9mg/g NACL 1x0.70ml PFS DSF4 BD,2570/Ma_B.SLV.Counter.Counter0200,2024-06-14 21:39:00,123099
614,ED1108,WFI+9mg/g NACL 1x0.70ml PFS DSF4 BD,2570/Ma_B.SLV.Counter.Counter0200,2024-06-14 21:40:00,123269
615,ED1108,WFI+9mg/g NACL 1x0.70ml PFS DSF4 BD,2570/Ma_B.SLV.Counter.Counter0202,2024-06-14 21:42:00,37057
616,ED1108,WFI+9mg/g NACL 1x0.70ml PFS DSF4 BD,2570/Ma_B.SLV.Counter.Counter0200,2024-06-14 21:43:00,123458
617,ED1108,WFI+9mg/g NACL 1x0.70ml PFS DSF4 BD,2570/Ma_B.SLV.Counter.Counter0200,2024-06-14 21:48:00,124035
618,ED1108,WFI+9mg/g NACL 1x0.70ml PFS DSF4 BD,2570/Ma_B.SLV.Counter.Counter0200,2024-06-14 21:49:00,124171
619,ED1108,WFI+9mg/g NACL 1x0.70ml PFS DSF4 BD,2570/Ma_B.SLV.Counter.Counter0202,2024-06-14 21:50:00,37353
620,ED1108,WFI+9mg/g NACL 1x0.70ml PFS DSF4 BD,2570/Ma_B.SLV.Counter.Counter0200,2024-06-14 21:51:00,124261
621,ED1108,WFI+9mg/g NACL 1x0.70ml PFS DSF4 BD,2570/Ma_B.SLV.Counter.Counter0200,2024-06-14 21:53:00,124437
622,ED1108,WFI+9mg/g NACL 1x0.70ml PFS DSF4 BD,2570/Ma_B.SLV.Counter.Counter0200,2024-06-14 21:55:00,124539
623,ED1108,WFI+9mg/g NACL 1x0.70ml PFS DSF4 BD,2570/Ma_B.SLV.Counter.Counter0202,2024-06-14 21:55:00,37552
624,ED1108,WFI+9mg/g NACL 1x0.70ml PFS DSF4 BD,2570/Ma_B.SLV.Counter.Counter0200,2024-06-14 21:56:00,124820
625,ED1108,WFI+9mg/g NACL 1x0.70ml PFS DSF4 BD,2570/Ma_B.SLV.Counter.Counter0202,2024-06-14 21:57:00,37727
626,ED1108,WFI+9mg/g NACL 1x0.70ml PFS DSF4 BD,2570/Ma_B.SLV.Counter.Counter0200,2024-06-14 21:59:00,124831
627,ED1108,WFI+9mg/g NACL 1x0.70ml PFS DSF4 BD,2570/Ma_B.SLV.Counter.Counter0200,2024-06-14 22:03:00,125086
628,ED1108,WFI+9mg/g NACL 1x0.70ml PFS DSF4 BD,2570/Ma_B.SLV.Counter.Counter0200,2024-06-14 22:04:00,125133
629,ED1108,WFI+9mg/g NACL 1x0.70ml PFS DSF4 BD,2570/Ma_B.SLV.Counter.Counter0202,2024-06-14 22:13:00,38021
630,ED1108,WFI+9mg/g NACL 1x0.70ml PFS DSF4 BD,2570/Ma_B.SLV.Counter.Counter0200,2024-06-14 22:15:00,125637
631,ED1108,WFI+9mg/g NACL 1x0.70ml PFS DSF4 BD,2570/Ma_B.SLV.Counter.Counter0202,2024-06-14 22:20:00,38188
632,ED1108,WFI+9mg/g NACL 1x0.70ml PFS DSF4 BD,2570/Ma_B.SLV.Counter.Counter0200,2024-06-14 22:21:00,126367
633,ED1108,WFI+9mg/g NACL 1x0.70ml PFS DSF4 BD,2570/Ma_B.SLV.Counter.Counter0202,2024-06-14 22:21:00,38298
634,ED1108,WFI+9mg/g NACL 1x0.70ml PFS DSF4 BD,2570/Ma_B.SLV.Counter.Counter0200,2024-06-14 22:23:00,126597
635,ED1108,WFI+9mg/g NACL 1x0.70ml PFS DSF4 BD,2570/Ma_B.SLV.Counter.Counter0200,2024-06-14 22:23:00,126665
636,ED1108,WFI+9mg/g NACL 1x0.70ml PFS DSF4 BD,2570/Ma_B.SLV.Counter.Counter0200,2024-06-14 22:24:00,126828
637,ED1108,WFI+9mg/g NACL 1x0.70ml PFS DSF4 BD,2570/Ma_B.SLV.Counter.Counter0200,2024-06-14 22:37:00,127504
638,ED1108,WFI+9mg/g NACL 1x0.70ml PFS DSF4 BD,2570/Ma_B.SLV.Counter.Counter0200,2024-06-14 22:38:00,127585
639,ED1108,WFI+9mg/g NACL 1x0.70ml PFS DSF4 BD,2570/Ma_B.SLV.Counter.Counter0202,2024-06-14 22:45:00,38603
640,ED1108,WFI+9mg/g NACL 1x0.70ml PFS DSF4 BD,2570/Ma_B.SLV.Counter.Counter0200,2024-06-14 22:46:00,128227
641,ED1108,WFI+9mg/g NACL 1x0.70ml PFS DSF4 BD,2570/Ma_B.SLV.Counter.Counter0202,2024-06-14 22:47:00,38623
642,ED1108,WFI+9mg/g NACL 1x0.70ml PFS DSF4 BD,2570/Ma_B.SLV.Counter.Counter0200,2024-06-14 22:48:00,128274
643,ED1108,WFI+9mg/g NACL 1x0.70ml PFS DSF4 BD,2570/Ma_B.SLV.Counter.Counter0202,2024-06-14 22:48:00,38635
644,ED1108,WFI+9mg/g NACL 1x0.70ml PFS DSF4 BD,2570/Ma_B.SLV.Counter.Counter0200,2024-06-14 22:49:00,128495
645,ED1108,WFI+9mg/g NACL 1x0.70ml PFS DSF4 BD,2570/Ma_B.SLV.Counter.Counter0202,2024-06-14 22:57:00,38783
646,ED1108,WFI+9mg/g NACL 1x0.70ml PFS DSF4 BD,2570/Ma_B.SLV.Counter.Counter0200,2024-06-14 22:58:00,129068
647,ED1108,WFI+9mg/g NACL 1x0.70ml PFS DSF4 BD,2570/Ma_B.SLV.Counter.Counter0202,2024-06-14 23:01:00,38840
648,ED1108,WFI+9mg/g NACL 1x0.70ml PFS DSF4 BD,2570/Ma_B.SLV.Counter.Counter0200,2024-06-14 23:02:00,129388
649,ED1108,WFI+9mg/g NACL 1x0.70ml PFS DSF4 BD,2570/Ma_B.SLV.Counter.Counter0202,2024-06-14 23:02:00,38844
650,ED1108,WFI+9mg/g NACL 1x0.70ml PFS DSF4 BD,2570/Ma_B.SLV.Counter.Counter0200,2024-06-14 23:04:00,129644
651,ED1108,WFI+9mg/g NACL 1x0.70ml PFS DSF4 BD,2570/Ma_B.SLV.Counter.Counter0200,2024-06-14 23:07:00,130213
652,ED1108,WFI+9mg/g NACL 1x0.70ml PFS DSF4 BD,2570/Ma_B.SLV.Counter.Counter0200,2024-06-14 23:08:00,130274
653,ED1108,WFI+9mg/g NACL 1x0.70ml PFS DSF4 BD,2570/Ma_B.SLV.Counter.Counter0200,2024-06-14 23:15:00,130598
654,ED1108,WFI+9mg/g NACL 1x0.70ml PFS DSF4 BD,2570/Ma_B.SLV.Counter.Counter0200,2024-06-14 23:16:00,130775
655,ED1108,WFI+9mg/g NACL 1x0.70ml PFS DSF4 BD,2570/Ma_B.SLV.Counter.Counter0200,2024-06-14 23:20:00,131466
656,ED1108,WFI+9mg/g NACL 1x0.70ml PFS DSF4 BD,2570/Ma_B.SLV.Counter.Counter0200,2024-06-14 23:21:00,131600
657,ED1108,WFI+9mg/g NACL 1x0.70ml PFS DSF4 BD,2570/Ma_B.SLV.Counter.Counter0202,2024-06-14 23:22:00,38938
658,ED1108,WFI+9mg/g NACL 1x0.70ml PFS DSF4 BD,2570/Ma_B.SLV.Counter.Counter0200,2024-06-14 23:23:00,131794
659,ED1108,WFI+9mg/g NACL 1x0.70ml PFS DSF4 BD,2570/Ma_B.SLV.Counter.Counter0202,2024-06-14 23:25:00,38942
660,ED1108,WFI+9mg/g NACL 1x0.70ml PFS DSF4 BD,2570/Ma_B.SLV.Counter.Counter0200,2024-06-14 23:26:00,132042
661,ED1108,WFI+9mg/g NACL 1x0.70ml PFS DSF4 BD,2570/Ma_B.SLV.Counter.Counter0200,2024-06-14 23:28:00,132360
662,ED1108,WFI+9mg/g NACL 1x0.70ml PFS DSF4 BD,2570/Ma_B.SLV.Counter.Counter0200,2024-06-14 23:29:00,132367
663,ED1108,WFI+9mg/g NACL 1x0.70ml PFS DSF4 BD,2570/Ma_B.SLV.Counter.Counter0200,2024-06-14 23:29:00,132534
